淘宝ID,卖家昵称,商家编码,标题,图片地址,促销活动,价格,促销价格,总销量,月销量,库存,收藏数,SKU数,抓取日期
15959673666,海青蓝旗舰店,,,http://img03.taobaocdn.com/bao/uploaded/i3/T1R8PRXaJmXXc3oeET_011447.jpg,秋款上新,0.0,0.0,42,43,4942,364,0,2012-10-19
15959673666,海青蓝旗舰店,2012,海青蓝5折欧美大牌兔毛长袖秋季新款女装 大码宽松2012连衣裙秋款,http://img04.taobaocdn.com/bao/uploaded/i4/T1s2_RXaxnXXctyN.T_012209.jpg,秋款上新,0.0,0.0,27,27,-34,172,0,2012-10-18
15959673666,海青蓝旗舰店,2012,海青蓝5折欧美大牌兔毛长袖秋季新款女装 大码宽松2012连衣裙秋款,http://img04.taobaocdn.com/bao/uploaded/i4/T1s2_RXaxnXXctyN.T_012209.jpg,秋款上新,0.0,0.0,148,145,-169,666,0,2012-10-17
15959673666,海青蓝旗舰店,2012,海青蓝5折欧美大牌兔毛长袖秋季新款女装 大码宽松2012连衣裙秋款,http://img04.taobaocdn.com/bao/uploaded/i4/T1s2_RXaxnXXctyN.T_012209.jpg,秋款上新,0.0,0.0,0,0,0,0,0,2012-10-16
15440885702,海青蓝旗舰店,,,,秋款上新,0.0,0.0,8,-16,-9,30,0,2012-10-19
15440885702,海青蓝旗舰店,2012,海青蓝 2012秋冬新款民族风绣花修身假两件套大码气质羊毛连衣裙,http://img04.taobaocdn.com/bao/uploaded/i4/T1JfbMXoRkXXaVjY7Z_031518.jpg,秋款上新,0.0,0.0,7,-8,-10,19,0,2012-10-18
15440885702,海青蓝旗舰店,2012,海青蓝 2012秋冬新款民族风绣花修身假两件套大码气质羊毛连衣裙,http://img04.taobaocdn.com/bao/uploaded/i4/T1JfbMXoRkXXaVjY7Z_031518.jpg,秋款上新,0.0,0.0,9,-25,-8,23,0,2012-10-17
15440885702,海青蓝旗舰店,2012,海青蓝 2012秋冬新款民族风绣花修身假两件套大码气质羊毛连衣裙,http://img04.taobaocdn.com/bao/uploaded/i4/T1JfbMXoRkXXaVjY7Z_031518.jpg,秋款上新,0.0,0.0,0,0,0,0,0,2012-10-16
18781112056,海青蓝旗舰店,,,,秋款上新,0.0,0.0,2,-13,-3,12,0,2012-10-19
18781112056,海青蓝旗舰店,2012,海青蓝2012秋装新品女装兔毛领豹纹印花欧美宽松长袖大码连衣裙子,http://img01.taobaocdn.com/bao/uploaded/i1/T1bwTHXnJbXXcMGbc0_034341.jpg,秋款上新,0.0,0.0,6,-3,-7,19,0,2012-10-18
18781112056,海青蓝旗舰店,2012,海青蓝2012秋装新品女装兔毛领豹纹印花欧美宽松长袖大码连衣裙子,http://img01.taobaocdn.com/bao/uploaded/i1/T1bwTHXnJbXXcMGbc0_034341.jpg,秋款上新,0.0,0.0,8,-22,-14,-4,0,2012-10-17
18781112056,海青蓝旗舰店,2012,海青蓝2012秋装新品女装兔毛领豹纹印花欧美宽松长袖大码连衣裙子,http://img01.taobaocdn.com/bao/uploaded/i1/T1bwTHXnJbXXcMGbc0_034341.jpg,秋款上新,0.0,0.0,0,0,0,0,0,2012-10-16
16353743348,海青蓝旗舰店,,,,秋款上新,0.0,0.0,2,-10,-3,4,0,2012-10-19
16353743348,海青蓝旗舰店,2012,海青蓝2012秋冬新款女装翻领大牌出口欧美长款风衣外套有加大码,http://img02.taobaocdn.com/bao/uploaded/i2/T1zk_xXiVgXXa2x2w2_044055.jpg,秋款上新,0.0,0.0,8,2,-8,-11,0,2012-10-18
16353743348,海青蓝旗舰店,2012,海青蓝2012秋冬新款女装翻领大牌出口欧美长款风衣外套有加大码,http://img02.taobaocdn.com/bao/uploaded/i2/T1zk_xXiVgXXa2x2w2_044055.jpg,秋款上新,0.0,0.0,1,-13,0,-12,0,2012-10-17
16353743348,海青蓝旗舰店,2012,海青蓝2012秋冬新款女装翻领大牌出口欧美长款风衣外套有加大码,http://img02.taobaocdn.com/bao/uploaded/i2/T1zk_xXiVgXXa2x2w2_044055.jpg,秋款上新,0.0,0.0,0,0,0,0,0,2012-10-16
15384769068,海青蓝旗舰店,,,,秋款上新,0.0,0.0,0,-5,1,27,0,2012-10-19
15384769068,海青蓝旗舰店,2012,海青蓝2012秋冬女装新款 羊毛两件套OL职业套装 小外套加连衣裙,http://img02.taobaocdn.com/bao/uploaded/i2/T1xmHDXhRnXXbpzXYc_125640.jpg,秋款上新,0.0,0.0,1,0,2,4,0,2012-10-18
15384769068,海青蓝旗舰店,2012,海青蓝2012秋冬女装新款 羊毛两件套OL职业套装 小外套加连衣裙,http://img02.taobaocdn.com/bao/uploaded/i2/T1xmHDXhRnXXbpzXYc_125640.jpg,秋款上新,0.0,0.0,5,-8,-5,4,0,2012-10-17
15384769068,海青蓝旗舰店,2012,海青蓝2012秋冬女装新款 羊毛两件套OL职业套装 小外套加连衣裙,http://img02.taobaocdn.com/bao/uploaded/i2/T1xmHDXhRnXXbpzXYc_125640.jpg,秋款上新,0.0,0.0,0,0,0,0,0,2012-10-16
18010520268,海青蓝旗舰店,,,,天猫促销价,0.0,0.0,2,-2,-2,0,0,2012-10-19
18010520268,海青蓝旗舰店,2012,海青蓝2012秋冬女装新款修身气质印花圆领百搭长袖打底连衣裙,http://img01.taobaocdn.com/bao/uploaded/i1/T1lg6TXgReXXXHY6Q8_101237.jpg,天猫促销价,0.0,0.0,2,-4,-4,1,0,2012-10-18
18010520268,海青蓝旗舰店,2012,海青蓝2012秋冬女装新款修身气质印花圆领百搭长袖打底连衣裙,http://img01.taobaocdn.com/bao/uploaded/i1/T1lg6TXgReXXXHY6Q8_101237.jpg,天猫促销价,0.0,0.0,2,-5,-4,-9,0,2012-10-17
18010520268,海青蓝旗舰店,2012,海青蓝2012秋冬女装新款修身气质印花圆领百搭长袖打底连衣裙,http://img01.taobaocdn.com/bao/uploaded/i1/T1lg6TXgReXXXHY6Q8_101237.jpg,天猫促销价,0.0,0.0,0,0,0,0,0,2012-10-16
15422482923,海青蓝旗舰店,,,,秋款上新,0.0,0.0,2,-8,-4,0,0,2012-10-19
15422482923,海青蓝旗舰店,2012,海青蓝2012秋冬新款女装 欧美印花针织修身V领长袖连衣裙秋短裙子,http://img02.taobaocdn.com/bao/uploaded/i2/T1bnYIXmhaXXbCFSUU_015739.jpg,秋款上新,0.0,0.0,1,-3,-1,-7,0,2012-10-18
15422482923,海青蓝旗舰店,2012,海青蓝2012秋冬新款女装 欧美印花针织修身V领长袖连衣裙秋短裙子,http://img02.taobaocdn.com/bao/uploaded/i2/T1bnYIXmhaXXbCFSUU_015739.jpg,秋款上新,0.0,0.0,-1,-13,1,5,0,2012-10-17
15422482923,海青蓝旗舰店,2012,海青蓝2012秋冬新款女装 欧美印花针织修身V领长袖连衣裙秋短裙子,http://img02.taobaocdn.com/bao/uploaded/i2/T1bnYIXmhaXXbCFSUU_015739.jpg,秋款上新,0.0,0.0,0,0,0,0,0,2012-10-16
16353863425,海青蓝旗舰店,,,,秋款上新,0.0,0.0,1,0,2,5,0,2012-10-19
16353863425,海青蓝旗舰店,2012,海青蓝2012秋冬新款女装大牌双排扣翻领欧美修身大码风衣外套,http://img04.taobaocdn.com/bao/uploaded/i4/T1F7HSXa0nXXa4E8bb_095035.jpg,秋款上新,0.0,0.0,1,-1,-3,-1,0,2012-10-18
16353863425,海青蓝旗舰店,2012,海青蓝2012秋冬新款女装大牌双排扣翻领欧美修身大码风衣外套,http://img04.taobaocdn.com/bao/uploaded/i4/T1F7HSXa0nXXa4E8bb_095035.jpg,秋款上新,0.0,0.0,5,3,-6,10,0,2012-10-17
16353863425,海青蓝旗舰店,2012,海青蓝2012秋冬新款女装大牌双排扣翻领欧美修身大码风衣外套,http://img04.taobaocdn.com/bao/uploaded/i4/T1F7HSXa0nXXa4E8bb_095035.jpg,秋款上新,0.0,0.0,0,0,0,0,0,2012-10-16
20035796219,海青蓝旗舰店,,,,秋款上新,0.0,0.0,-1,-1,-1,4,0,2012-10-19
20035796219,海青蓝旗舰店,2012,2012秋装新款女装 淑女气质圆点丝绒长袖假两件套显瘦连衣裙子,http://img03.taobaocdn.com/bao/uploaded/i3/T1dqYSXd4kXXchzD39_105015.jpg,秋款上新,0.0,0.0,1,1,-1,7,0,2012-10-18
20035796219,海青蓝旗舰店,2012,2012秋装新款女装 淑女气质圆点丝绒长袖假两件套显瘦连衣裙子,http://img03.taobaocdn.com/bao/uploaded/i3/T1dqYSXd4kXXchzD39_105015.jpg,秋款上新,0.0,0.0,1,1,-2,14,0,2012-10-17
20035796219,海青蓝旗舰店,2012,2012秋装新款女装 淑女气质圆点丝绒长袖假两件套显瘦连衣裙子,http://img03.taobaocdn.com/bao/uploaded/i3/T1dqYSXd4kXXchzD39_105015.jpg,秋款上新,0.0,0.0,0,0,0,0,0,2012-10-16
18400412678,海青蓝旗舰店,,,,秋款上新,0.0,0.0,0,-2,2,1,0,2012-10-19
18400412678,海青蓝旗舰店,2012,海青蓝2012秋冬女装新款重工欧美毛呢修身长袖大码气质连衣裙,http://img03.taobaocdn.com/bao/uploaded/i3/T1fnPHXXpdXXXmY5E4_053340.jpg,秋款上新,0.0,0.0,1,0,-1,0,0,2012-10-18
18400412678,海青蓝旗舰店,2012,海青蓝2012秋冬女装新款重工欧美毛呢修身长袖大码气质连衣裙,http://img03.taobaocdn.com/bao/uploaded/i3/T1fnPHXXpdXXXmY5E4_053340.jpg,秋款上新,0.0,0.0,1,-4,-1,19,0,2012-10-17
18400412678,海青蓝旗舰店,2012,海青蓝2012秋冬女装新款重工欧美毛呢修身长袖大码气质连衣裙,http://img03.taobaocdn.com/bao/uploaded/i3/T1fnPHXXpdXXXmY5E4_053340.jpg,秋款上新,0.0,0.0,0,0,0,0,0,2012-10-16
18880808896,海青蓝旗舰店,,,,秋款上新,0.0,0.0,0,0,0,5,0,2012-10-19
18880808896,海青蓝旗舰店,2012,海青蓝2012秋冬新款女装高端兔毛领堆堆领无袖背心裙修身连衣裙,http://img02.taobaocdn.com/bao/uploaded/i2/T1qyTNXfdlXXb64ATb_125011.jpg,秋款上新,0.0,0.0,0,-1,0,-1,0,2012-10-18
18880808896,海青蓝旗舰店,2012,海青蓝2012秋冬新款女装高端兔毛领堆堆领无袖背心裙修身连衣裙,http://img02.taobaocdn.com/bao/uploaded/i2/T1qyTNXfdlXXb64ATb_125011.jpg,秋款上新,0.0,0.0,1,-2,-1,-6,0,2012-10-17
18880808896,海青蓝旗舰店,2012,海青蓝2012秋冬新款女装高端兔毛领堆堆领无袖背心裙修身连衣裙,http://img02.taobaocdn.com/bao/uploaded/i2/T1qyTNXfdlXXb64ATb_125011.jpg,秋款上新,0.0,0.0,0,0,0,0,0,2012-10-16
15569977334,海青蓝旗舰店,,,,秋款上新,0.0,0.0,0,0,0,0,0,2012-10-19
15569977334,海青蓝旗舰店,2012,海青蓝 2012秋冬女装新款 百搭打底蕾丝松紧欧美钉珠 打底衫黑色,http://img03.taobaocdn.com/bao/uploaded/i3/T1lwnLXahtXXaXklsU_015549.jpg,秋款上新,0.0,0.0,2,1,-3,1,0,2012-10-18
15569977334,海青蓝旗舰店,2012,海青蓝 2012秋冬女装新款 百搭打底蕾丝松紧欧美钉珠 打底衫黑色,http://img03.taobaocdn.com/bao/uploaded/i3/T1lwnLXahtXXaXklsU_015549.jpg,秋款上新,0.0,0.0,2,-3,-2,2,0,2012-10-17
15569977334,海青蓝旗舰店,2012,海青蓝 2012秋冬女装新款 百搭打底蕾丝松紧欧美钉珠 打底衫黑色,http://img03.taobaocdn.com/bao/uploaded/i3/T1lwnLXahtXXaXklsU_015549.jpg,秋款上新,0.0,0.0,0,0,0,0,0,2012-10-16
20035900395,海青蓝旗舰店,,,,秋款上新,0.0,0.0,0,0,0,7,0,2012-10-19
20035900395,海青蓝旗舰店,2012,海青蓝2012秋季女装新款 优雅女人 重工绣花长袖修身大码连衣裙,http://img04.taobaocdn.com/bao/uploaded/i4/T12SnKXkNnXXc8vdE7_063920.jpg,秋款上新,0.0,0.0,0,0,0,4,0,2012-10-18
20035900395,海青蓝旗舰店,2012,海青蓝2012秋季女装新款 优雅女人 重工绣花长袖修身大码连衣裙,http://img04.taobaocdn.com/bao/uploaded/i4/T12SnKXkNnXXc8vdE7_063920.jpg,秋款上新,0.0,0.0,0,0,-1,5,0,2012-10-17
20035900395,海青蓝旗舰店,2012,海青蓝2012秋季女装新款 优雅女人 重工绣花长袖修身大码连衣裙,http://img04.taobaocdn.com/bao/uploaded/i4/T12SnKXkNnXXc8vdE7_063920.jpg,秋款上新,0.0,0.0,0,0,0,0,0,2012-10-16
18895056730,海青蓝旗舰店,,,,秋款上新,0.0,0.0,0,0,0,0,0,2012-10-19
18895056730,海青蓝旗舰店,2012,海青蓝2012秋冬女装新款专供进口丝绒修身显瘦大码长袖品牌连衣裙,http://img01.taobaocdn.com/bao/uploaded/i1/T1sxTHXnXnXXahCqTX_114244.jpg,秋款上新,0.0,0.0,1,1,-1,1,0,2012-10-18
18895056730,海青蓝旗舰店,2012,海青蓝2012秋冬女装新款专供进口丝绒修身显瘦大码长袖品牌连衣裙,http://img01.taobaocdn.com/bao/uploaded/i1/T1sxTHXnXnXXahCqTX_114244.jpg,秋款上新,0.0,0.0,0,-1,1,1,0,2012-10-17
18895056730,海青蓝旗舰店,2012,海青蓝2012秋冬女装新款专供进口丝绒修身显瘦大码长袖品牌连衣裙,http://img01.taobaocdn.com/bao/uploaded/i1/T1sxTHXnXnXXahCqTX_114244.jpg,秋款上新,0.0,0.0,0,0,0,0,0,2012-10-16
17072475238,海青蓝旗舰店,,,,天猫上新,0.0,0.0,0,0,0,0,0,2012-10-19
17072475238,海青蓝旗舰店,2012,海青蓝2012秋季女装新款 复古气质 丝绒长袖古典高腰显瘦连衣裙子,http://img02.taobaocdn.com/bao/uploaded/i2/T1sc2RXklfXXaDj7cU_015408.jpg,天猫上新,0.0,0.0,1,1,-1,7,0,2012-10-18
17072475238,海青蓝旗舰店,2012,海青蓝2012秋季女装新款 复古气质 丝绒长袖古典高腰显瘦连衣裙子,http://img02.taobaocdn.com/bao/uploaded/i2/T1sc2RXklfXXaDj7cU_015408.jpg,天猫上新,0.0,0.0,1,0,-1,2,0,2012-10-17
17072475238,海青蓝旗舰店,2012,海青蓝2012秋季女装新款 复古气质 丝绒长袖古典高腰显瘦连衣裙子,http://img02.taobaocdn.com/bao/uploaded/i2/T1sc2RXklfXXaDj7cU_015408.jpg,天猫上新,0.0,0.0,0,0,0,0,0,2012-10-16
18624492037,海青蓝旗舰店,,,,秋款上新,0.0,0.0,2,1,-2,2,0,2012-10-19
18624492037,海青蓝旗舰店,2012,海青蓝2012秋冬女装新款 民族风重工凤凰手工刺绣长袖大码连衣裙,http://img04.taobaocdn.com/bao/uploaded/i4/T1pYHTXl0kXXc6jrHb_093226.jpg,秋款上新,0.0,0.0,1,0,0,0,0,2012-10-18
18624492037,海青蓝旗舰店,2012,海青蓝2012秋冬女装新款 民族风重工凤凰手工刺绣长袖大码连衣裙,http://img04.taobaocdn.com/bao/uploaded/i4/T1pYHTXl0kXXc6jrHb_093226.jpg,秋款上新,0.0,0.0,1,1,-2,3,0,2012-10-17
18624492037,海青蓝旗舰店,2012,海青蓝2012秋冬女装新款 民族风重工凤凰手工刺绣长袖大码连衣裙,http://img04.taobaocdn.com/bao/uploaded/i4/T1pYHTXl0kXXc6jrHb_093226.jpg,秋款上新,0.0,0.0,0,0,0,0,0,2012-10-16
17402295991,海青蓝旗舰店,,,,秋款上新,0.0,0.0,0,0,0,0,0,2012-10-19
17402295991,海青蓝旗舰店,2012,海青蓝2012秋冬新款刺绣镶钻复古气质针织长袖大码显瘦连衣裙,http://img01.taobaocdn.com/bao/uploaded/i1/T170nUXk0bXXaCEO33_050444.jpg,秋款上新,0.0,0.0,1,1,-1,-2,0,2012-10-18
17402295991,海青蓝旗舰店,2012,海青蓝2012秋冬新款刺绣镶钻复古气质针织长袖大码显瘦连衣裙,http://img01.taobaocdn.com/bao/uploaded/i1/T170nUXk0bXXaCEO33_050444.jpg,秋款上新,0.0,0.0,0,0,0,1,0,2012-10-17
17402295991,海青蓝旗舰店,2012,海青蓝2012秋冬新款刺绣镶钻复古气质针织长袖大码显瘦连衣裙,http://img01.taobaocdn.com/bao/uploaded/i1/T170nUXk0bXXaCEO33_050444.jpg,秋款上新,0.0,0.0,0,0,0,0,0,2012-10-16
15441497016,海青蓝旗舰店,,,,秋款上新,0.0,0.0,0,-1,0,5,0,2012-10-19
15441497016,海青蓝旗舰店,2012,海青蓝2012秋冬女装新款 挂脖蕾丝长袖进口丝绒大牌大码连衣裙,http://img01.taobaocdn.com/bao/uploaded/i1/T1WebUXh8aXXbQSDzb_095337.jpg,秋款上新,0.0,0.0,0,1,2,-4,0,2012-10-18
15441497016,海青蓝旗舰店,2012,海青蓝2012秋冬女装新款 挂脖蕾丝长袖进口丝绒大牌大码连衣裙,http://img01.taobaocdn.com/bao/uploaded/i1/T1WebUXh8aXXbQSDzb_095337.jpg,秋款上新,0.0,0.0,2,2,-5,5,0,2012-10-17
15441497016,海青蓝旗舰店,2012,海青蓝2012秋冬女装新款 挂脖蕾丝长袖进口丝绒大牌大码连衣裙,http://img01.taobaocdn.com/bao/uploaded/i1/T1WebUXh8aXXbQSDzb_095337.jpg,秋款上新,0.0,0.0,0,0,0,0,0,2012-10-16
15675090977,海青蓝旗舰店,,,,秋款上新,0.0,0.0,0,0,0,-1,0,2012-10-19
15675090977,海青蓝旗舰店,2012,海青蓝2012秋冬女装新款 针织欧美印花钉珠修身大码弹力连衣裙,http://img04.taobaocdn.com/bao/uploaded/i4/T1JqDIXkxtXXaHWMLa_120935.jpg,秋款上新,0.0,0.0,1,-4,-1,0,0,2012-10-18
15675090977,海青蓝旗舰店,2012,海青蓝2012秋冬女装新款 针织欧美印花钉珠修身大码弹力连衣裙,http://img04.taobaocdn.com/bao/uploaded/i4/T1JqDIXkxtXXaHWMLa_120935.jpg,秋款上新,0.0,0.0,0,0,0,3,0,2012-10-17
15675090977,海青蓝旗舰店,2012,海青蓝2012秋冬女装新款 针织欧美印花钉珠修身大码弹力连衣裙,http://img04.taobaocdn.com/bao/uploaded/i4/T1JqDIXkxtXXaHWMLa_120935.jpg,秋款上新,0.0,0.0,0,0,0,0,0,2012-10-16
19813724879,海青蓝旗舰店,,,,秋季新品,0.0,0.0,-1,-1,0,-3,0,2012-10-19
19813724879,海青蓝旗舰店,2012,海青蓝2012秋季女装新款 大牌烧花真丝 丝绒长袖大码修身连衣裙子,http://img02.taobaocdn.com/bao/uploaded/i2/T1..fOXnVpXXb2tr3V_020006.jpg,秋季新品,0.0,0.0,0,0,0,1,0,2012-10-18
19813724879,海青蓝旗舰店,2012,海青蓝2012秋季女装新款 大牌烧花真丝 丝绒长袖大码修身连衣裙子,http://img02.taobaocdn.com/bao/uploaded/i2/T1..fOXnVpXXb2tr3V_020006.jpg,秋季新品,0.0,0.0,2,2,-2,1,0,2012-10-17
19813724879,海青蓝旗舰店,2012,海青蓝2012秋季女装新款 大牌烧花真丝 丝绒长袖大码修身连衣裙子,http://img02.taobaocdn.com/bao/uploaded/i2/T1..fOXnVpXXb2tr3V_020006.jpg,秋季新品,0.0,0.0,0,0,0,0,0,2012-10-16
18775956655,海青蓝旗舰店,,,,秋款上新,0.0,0.0,0,-1,0,11,0,2012-10-19
18775956655,海青蓝旗舰店,2012,海青蓝2012秋冬女装新款羊毛大摆扎花修身气质大牌显瘦连衣裙,http://img04.taobaocdn.com/bao/uploaded/i4/T1FW2UXclcXXa8hGnb_093048.jpg,秋款上新,0.0,0.0,0,0,0,-1,0,2012-10-18
18775956655,海青蓝旗舰店,2012,海青蓝2012秋冬女装新款羊毛大摆扎花修身气质大牌显瘦连衣裙,http://img04.taobaocdn.com/bao/uploaded/i4/T1FW2UXclcXXa8hGnb_093048.jpg,秋款上新,0.0,0.0,4,3,-4,8,0,2012-10-17
18775956655,海青蓝旗舰店,2012,海青蓝2012秋冬女装新款羊毛大摆扎花修身气质大牌显瘦连衣裙,http://img04.taobaocdn.com/bao/uploaded/i4/T1FW2UXclcXXa8hGnb_093048.jpg,秋款上新,0.0,0.0,0,0,0,0,0,2012-10-16
16451615543,海青蓝旗舰店,,,,秋款上新,0.0,0.0,0,0,0,2,0,2012-10-19
16451615543,海青蓝旗舰店,2012,海青蓝2012秋冬女装新款羊毛混纺长袖显瘦品牌正品毛衣大码连衣裙,http://img04.taobaocdn.com/bao/uploaded/i4/T11PrSXoNkXXctNfI8_100421.jpg,秋款上新,0.0,0.0,0,0,0,0,0,2012-10-18
16451615543,海青蓝旗舰店,2012,海青蓝2012秋冬女装新款羊毛混纺长袖显瘦品牌正品毛衣大码连衣裙,http://img04.taobaocdn.com/bao/uploaded/i4/T11PrSXoNkXXctNfI8_100421.jpg,秋款上新,0.0,0.0,0,0,0,-2,0,2012-10-17
16451615543,海青蓝旗舰店,2012,海青蓝2012秋冬女装新款羊毛混纺长袖显瘦品牌正品毛衣大码连衣裙,http://img04.taobaocdn.com/bao/uploaded/i4/T11PrSXoNkXXctNfI8_100421.jpg,秋款上新,0.0,0.0,0,0,0,0,0,2012-10-16
16974387178,海青蓝旗舰店,,,,秋款上新,0.0,0.0,0,0,0,-1,0,2012-10-19
16974387178,海青蓝旗舰店,2012,海青蓝2012秋季新款女装 重工毛呢绣花 欧美大牌7分袖连衣裙大码,http://img04.taobaocdn.com/bao/uploaded/i4/T1IFHPXeRoXXXMaksU_015429.jpg,秋款上新,0.0,0.0,0,0,0,0,0,2012-10-18
16974387178,海青蓝旗舰店,2012,海青蓝2012秋季新款女装 重工毛呢绣花 欧美大牌7分袖连衣裙大码,http://img04.taobaocdn.com/bao/uploaded/i4/T1IFHPXeRoXXXMaksU_015429.jpg,秋款上新,0.0,0.0,1,0,-1,2,0,2012-10-17
16974387178,海青蓝旗舰店,2012,海青蓝2012秋季新款女装 重工毛呢绣花 欧美大牌7分袖连衣裙大码,http://img04.taobaocdn.com/bao/uploaded/i4/T1IFHPXeRoXXXMaksU_015429.jpg,秋款上新,0.0,0.0,0,0,0,0,0,2012-10-16
19050696540,海青蓝旗舰店,,,,5折促销,0.0,0.0,0,0,1,0,0,2012-10-19
19050696540,海青蓝旗舰店,2012,欧美复古印花修身显瘦长袖连衣裙子打底裙2012秋冬新款女装有大码,http://img04.taobaocdn.com/bao/uploaded/i4/T1Yb6JXjpaXXah10IZ_031727.jpg,5折促销,0.0,0.0,0,0,0,-3,0,2012-10-18
19050696540,海青蓝旗舰店,2012,欧美复古印花修身显瘦长袖连衣裙子打底裙2012秋冬新款女装有大码,http://img04.taobaocdn.com/bao/uploaded/i4/T1Yb6JXjpaXXah10IZ_031727.jpg,5折促销,0.0,0.0,-1,-2,0,6,0,2012-10-17
19050696540,海青蓝旗舰店,2012,欧美复古印花修身显瘦长袖连衣裙子打底裙2012秋冬新款女装有大码,http://img04.taobaocdn.com/bao/uploaded/i4/T1Yb6JXjpaXXah10IZ_031727.jpg,5折促销,0.0,0.0,0,0,0,0,0,2012-10-16
17093979783,海青蓝旗舰店,,,,秋季新品,0.0,0.0,0,0,0,2,0,2012-10-19
17093979783,海青蓝旗舰店,2012,海青蓝2012秋季女装新款 真丝丝绒提花宽松A字裙长袖连衣裙子,http://img02.taobaocdn.com/bao/uploaded/i2/T1MQYQXhBgXXa2BfYa_120829.jpg,秋季新品,0.0,0.0,1,0,-1,3,0,2012-10-18
17093979783,海青蓝旗舰店,2012,海青蓝2012秋季女装新款 真丝丝绒提花宽松A字裙长袖连衣裙子,http://img02.taobaocdn.com/bao/uploaded/i2/T1MQYQXhBgXXa2BfYa_120829.jpg,秋季新品,0.0,0.0,0,0,0,1,0,2012-10-17
17093979783,海青蓝旗舰店,2012,海青蓝2012秋季女装新款 真丝丝绒提花宽松A字裙长袖连衣裙子,http://img02.taobaocdn.com/bao/uploaded/i2/T1MQYQXhBgXXa2BfYa_120829.jpg,秋季新品,0.0,0.0,0,0,0,0,0,2012-10-16
15441661629,海青蓝旗舰店,,,,秋款上新,0.0,0.0,0,0,0,0,0,2012-10-19
15441661629,海青蓝旗舰店,2012,海青蓝2012秋冬女装新款兔毛领拼皮蕾丝无袖背心裙修身连衣裙,http://img03.taobaocdn.com/bao/uploaded/i3/T1BbnIXaBrXXcFYSZU_015750.jpg,秋款上新,0.0,0.0,0,0,-1,3,0,2012-10-18
15441661629,海青蓝旗舰店,2012,海青蓝2012秋冬女装新款兔毛领拼皮蕾丝无袖背心裙修身连衣裙,http://img03.taobaocdn.com/bao/uploaded/i3/T1BbnIXaBrXXcFYSZU_015750.jpg,秋款上新,0.0,0.0,2,2,-3,-3,0,2012-10-17
15441661629,海青蓝旗舰店,2012,海青蓝2012秋冬女装新款兔毛领拼皮蕾丝无袖背心裙修身连衣裙,http://img03.taobaocdn.com/bao/uploaded/i3/T1BbnIXaBrXXcFYSZU_015750.jpg,秋款上新,0.0,0.0,0,0,0,0,0,2012-10-16
16845031403,海青蓝旗舰店,,,,秋款上新,0.0,0.0,0,0,0,0,0,2012-10-19
16845031403,海青蓝旗舰店,2012,海青蓝2012秋冬女装新款丝绒钉珠圆领长袖欧美品牌大码连衣裙子,http://img03.taobaocdn.com/bao/uploaded/i3/T1aW2PXdRpXXchHmkU_015659.jpg,秋款上新,0.0,0.0,0,0,0,0,0,2012-10-18
16845031403,海青蓝旗舰店,2012,海青蓝2012秋冬女装新款丝绒钉珠圆领长袖欧美品牌大码连衣裙子,http://img03.taobaocdn.com/bao/uploaded/i3/T1aW2PXdRpXXchHmkU_015659.jpg,秋款上新,0.0,0.0,0,0,0,-1,0,2012-10-17
16845031403,海青蓝旗舰店,2012,海青蓝2012秋冬女装新款丝绒钉珠圆领长袖欧美品牌大码连衣裙子,http://img03.taobaocdn.com/bao/uploaded/i3/T1aW2PXdRpXXchHmkU_015659.jpg,秋款上新,0.0,0.0,0,0,0,0,0,2012-10-16
19382816836,海青蓝旗舰店,,,,秋款上新,0.0,0.0,0,0,0,0,0,2012-10-19
19382816836,海青蓝旗舰店,2012,海青蓝2012秋季女装新款 气质复古高贵优雅 民族风高端修身连衣裙,http://img03.taobaocdn.com/bao/uploaded/i3/T1aWvJXkFiXXbzhE_a_122610.jpg,秋款上新,0.0,0.0,0,0,0,1,0,2012-10-18
19382816836,海青蓝旗舰店,2012,海青蓝2012秋季女装新款 气质复古高贵优雅 民族风高端修身连衣裙,http://img03.taobaocdn.com/bao/uploaded/i3/T1aWvJXkFiXXbzhE_a_122610.jpg,秋款上新,0.0,0.0,1,1,-1,4,0,2012-10-17
19382816836,海青蓝旗舰店,2012,海青蓝2012秋季女装新款 气质复古高贵优雅 民族风高端修身连衣裙,http://img03.taobaocdn.com/bao/uploaded/i3/T1aWvJXkFiXXbzhE_a_122610.jpg,秋款上新,0.0,0.0,0,0,0,0,0,2012-10-16
18877252375,海青蓝旗舰店,,,,秋款上新,0.0,0.0,0,-1,0,0,0,2012-10-19
18877252375,海青蓝旗舰店,2012,海青蓝2012夏季女装新款 欧美绝色印染真丝长袖修身连衣裙,http://img01.taobaocdn.com/bao/uploaded/i1/T1DobQXbdgXXbfiSEU_015716.jpg,秋款上新,0.0,0.0,0,0,0,-3,0,2012-10-18
18877252375,海青蓝旗舰店,2012,海青蓝2012夏季女装新款 欧美绝色印染真丝长袖修身连衣裙,http://img01.taobaocdn.com/bao/uploaded/i1/T1DobQXbdgXXbfiSEU_015716.jpg,秋款上新,0.0,0.0,1,0,-2,0,0,2012-10-17
18877252375,海青蓝旗舰店,2012,海青蓝2012夏季女装新款 欧美绝色印染真丝长袖修身连衣裙,http://img01.taobaocdn.com/bao/uploaded/i1/T1DobQXbdgXXbfiSEU_015716.jpg,秋款上新,0.0,0.0,0,0,0,0,0,2012-10-16
15844730916,海青蓝旗舰店,,,,天猫上新,0.0,0.0,0,0,0,1,0,2012-10-19
15844730916,海青蓝旗舰店,2012,海青蓝2012秋季新品 气质美人圆领长袖高腰显瘦大码修身连衣裙子,http://img03.taobaocdn.com/bao/uploaded/i3/T172vKXcRiXXcMOQE3_050648.jpg,天猫上新,0.0,0.0,0,0,0,0,0,2012-10-18
15844730916,海青蓝旗舰店,2012,海青蓝2012秋季新品 气质美人圆领长袖高腰显瘦大码修身连衣裙子,http://img03.taobaocdn.com/bao/uploaded/i3/T172vKXcRiXXcMOQE3_050648.jpg,天猫上新,0.0,0.0,0,0,-1,1,0,2012-10-17
15844730916,海青蓝旗舰店,2012,海青蓝2012秋季新品 气质美人圆领长袖高腰显瘦大码修身连衣裙子,http://img03.taobaocdn.com/bao/uploaded/i3/T172vKXcRiXXcMOQE3_050648.jpg,天猫上新,0.0,0.0,0,0,0,0,0,2012-10-16
17262635347,海青蓝旗舰店,,,,秋款上新,0.0,0.0,0,0,0,6,0,2012-10-19
17262635347,海青蓝旗舰店,2012,海青蓝2012秋季女装新款 高端品质 品牌大码修身丝绒绣花连衣裙,http://img01.taobaocdn.com/bao/uploaded/i1/T1Su2OXXXlXXXd4Is7_064055.jpg,秋款上新,0.0,0.0,0,0,0,4,0,2012-10-18
17262635347,海青蓝旗舰店,2012,海青蓝2012秋季女装新款 高端品质 品牌大码修身丝绒绣花连衣裙,http://img01.taobaocdn.com/bao/uploaded/i1/T1Su2OXXXlXXXd4Is7_064055.jpg,秋款上新,0.0,0.0,-1,-1,0,2,0,2012-10-17
17262635347,海青蓝旗舰店,2012,海青蓝2012秋季女装新款 高端品质 品牌大码修身丝绒绣花连衣裙,http://img01.taobaocdn.com/bao/uploaded/i1/T1Su2OXXXlXXXd4Is7_064055.jpg,秋款上新,0.0,0.0,0,0,0,0,0,2012-10-16
19384780018,海青蓝旗舰店,,,,秋款上新,0.0,0.0,0,0,0,3,0,2012-10-19
19384780018,海青蓝旗舰店,2012,海青蓝2012秋冬女装新款针织弹力数码定位印花修身气质欧美连衣裙,http://img04.taobaocdn.com/bao/uploaded/i4/T1x8vMXg0hXXaXJNM6_061812.jpg,秋款上新,0.0,0.0,0,0,0,0,0,2012-10-18
19384780018,海青蓝旗舰店,2012,海青蓝2012秋冬女装新款针织弹力数码定位印花修身气质欧美连衣裙,http://img04.taobaocdn.com/bao/uploaded/i4/T1x8vMXg0hXXaXJNM6_061812.jpg,秋款上新,0.0,0.0,0,0,0,0,0,2012-10-17
19384780018,海青蓝旗舰店,2012,海青蓝2012秋冬女装新款针织弹力数码定位印花修身气质欧美连衣裙,http://img04.taobaocdn.com/bao/uploaded/i4/T1x8vMXg0hXXaXJNM6_061812.jpg,秋款上新,0.0,0.0,0,0,0,0,0,2012-10-16
17262491242,海青蓝旗舰店,,,,秋款上新,0.0,0.0,0,0,0,3,0,2012-10-19
17262491242,海青蓝旗舰店,OL,海青蓝2012秋季女装新款 OL通勤气质长袖V领钉珠大码显瘦连衣裙,http://img02.taobaocdn.com/bao/uploaded/i2/T1yHPUXkXXXXbMzjcW_024144.jpg,秋款上新,0.0,0.0,0,0,0,0,0,2012-10-18
17262491242,海青蓝旗舰店,OL,海青蓝2012秋季女装新款 OL通勤气质长袖V领钉珠大码显瘦连衣裙,http://img02.taobaocdn.com/bao/uploaded/i2/T1yHPUXkXXXXbMzjcW_024144.jpg,秋款上新,0.0,0.0,0,-1,0,4,0,2012-10-17
17262491242,海青蓝旗舰店,OL,海青蓝2012秋季女装新款 OL通勤气质长袖V领钉珠大码显瘦连衣裙,http://img02.taobaocdn.com/bao/uploaded/i2/T1yHPUXkXXXXbMzjcW_024144.jpg,秋款上新,0.0,0.0,0,0,0,0,0,2012-10-16
17402487717,海青蓝旗舰店,,,,秋季新品,0.0,0.0,2,2,-2,2,0,2012-10-19
17402487717,海青蓝旗舰店,2012,海青蓝2012秋冬新款大牌印花镶钻收腰显瘦针织长袖大码连衣裙品牌,http://img04.taobaocdn.com/bao/uploaded/i4/T1K0bUXbhbXXb5i6k._112700.jpg,秋季新品,0.0,0.0,0,0,0,0,0,2012-10-18
17402487717,海青蓝旗舰店,2012,海青蓝2012秋冬新款大牌印花镶钻收腰显瘦针织长袖大码连衣裙品牌,http://img04.taobaocdn.com/bao/uploaded/i4/T1K0bUXbhbXXb5i6k._112700.jpg,秋季新品,0.0,0.0,1,1,-1,14,0,2012-10-17
17402487717,海青蓝旗舰店,2012,海青蓝2012秋冬新款大牌印花镶钻收腰显瘦针织长袖大码连衣裙品牌,http://img04.taobaocdn.com/bao/uploaded/i4/T1K0bUXbhbXXb5i6k._112700.jpg,秋季新品,0.0,0.0,0,0,0,0,0,2012-10-16
19772524355,海青蓝旗舰店,,,,秋季新品,0.0,0.0,0,0,0,2,0,2012-10-19
19772524355,海青蓝旗舰店,2012,海青蓝2012秋季女装新款 欧美一线大牌 羊毛混纺连衣裙子 出口单,http://img02.taobaocdn.com/bao/uploaded/i2/T1tf2JXc0jXXcZpdAU_013951.jpg,秋季新品,0.0,0.0,0,0,0,1,0,2012-10-18
19772524355,海青蓝旗舰店,2012,海青蓝2012秋季女装新款 欧美一线大牌 羊毛混纺连衣裙子 出口单,http://img02.taobaocdn.com/bao/uploaded/i2/T1tf2JXc0jXXcZpdAU_013951.jpg,秋季新品,0.0,0.0,0,0,-1,2,0,2012-10-17
19772524355,海青蓝旗舰店,2012,海青蓝2012秋季女装新款 欧美一线大牌 羊毛混纺连衣裙子 出口单,http://img02.taobaocdn.com/bao/uploaded/i2/T1tf2JXc0jXXcZpdAU_013951.jpg,秋季新品,0.0,0.0,0,0,0,0,0,2012-10-16
18897024150,海青蓝旗舰店,,,,秋款上新,0.0,0.0,0,0,0,-1,0,2012-10-19
18897024150,海青蓝旗舰店,2012,海青蓝2012秋冬女装新款欧美正品公主裙蛋糕裙长袖连衣裙修身显瘦,http://img03.taobaocdn.com/bao/uploaded/i3/T1x9nQXm0hXXahXZwV_020048.jpg,秋款上新,0.0,0.0,1,0,-1,-2,0,2012-10-18
18897024150,海青蓝旗舰店,2012,海青蓝2012秋冬女装新款欧美正品公主裙蛋糕裙长袖连衣裙修身显瘦,http://img03.taobaocdn.com/bao/uploaded/i3/T1x9nQXm0hXXahXZwV_020048.jpg,秋款上新,0.0,0.0,0,0,0,7,0,2012-10-17
18897024150,海青蓝旗舰店,2012,海青蓝2012秋冬女装新款欧美正品公主裙蛋糕裙长袖连衣裙修身显瘦,http://img03.taobaocdn.com/bao/uploaded/i3/T1x9nQXm0hXXahXZwV_020048.jpg,秋款上新,0.0,0.0,0,0,0,0,0,2012-10-16
15433365188,海青蓝旗舰店,,,,秋款上新,0.0,0.0,0,0,0,1,0,2012-10-19
15433365188,海青蓝旗舰店,2012,海青蓝 2012秋冬女装新款 欧美品牌正品条纹印染修身系带连衣裙,http://img04.taobaocdn.com/bao/uploaded/i4/T1DKzNXbhaXXcZOFU6_060511.jpg,秋款上新,0.0,0.0,0,0,-1,0,0,2012-10-18
15433365188,海青蓝旗舰店,2012,海青蓝 2012秋冬女装新款 欧美品牌正品条纹印染修身系带连衣裙,http://img04.taobaocdn.com/bao/uploaded/i4/T1DKzNXbhaXXcZOFU6_060511.jpg,秋款上新,0.0,0.0,0,0,0,-2,0,2012-10-17
15433365188,海青蓝旗舰店,2012,海青蓝 2012秋冬女装新款 欧美品牌正品条纹印染修身系带连衣裙,http://img04.taobaocdn.com/bao/uploaded/i4/T1DKzNXbhaXXcZOFU6_060511.jpg,秋款上新,0.0,0.0,0,0,0,0,0,2012-10-16
18895488389,海青蓝旗舰店,,,,秋款上新,0.0,0.0,1,1,-1,-3,0,2012-10-19
18895488389,海青蓝旗舰店,2012,海青蓝 2012秋冬女装新款 高端丝绒修身显瘦复古长袖大码连衣裙子,http://img03.taobaocdn.com/bao/uploaded/i3/T124vNXXFbXXcr9p36_060523.jpg,秋款上新,0.0,0.0,0,0,0,0,0,2012-10-18
18895488389,海青蓝旗舰店,2012,海青蓝 2012秋冬女装新款 高端丝绒修身显瘦复古长袖大码连衣裙子,http://img03.taobaocdn.com/bao/uploaded/i3/T124vNXXFbXXcr9p36_060523.jpg,秋款上新,0.0,0.0,0,0,0,0,0,2012-10-17
18895488389,海青蓝旗舰店,2012,海青蓝 2012秋冬女装新款 高端丝绒修身显瘦复古长袖大码连衣裙子,http://img03.taobaocdn.com/bao/uploaded/i3/T124vNXXFbXXcr9p36_060523.jpg,秋款上新,0.0,0.0,0,0,0,0,0,2012-10-16
19383048750,海青蓝旗舰店,,,,正品促销,0.0,0.0,0,0,0,0,0,2012-10-19
19383048750,海青蓝旗舰店,2012,海青蓝2012秋季女装新款复古气质圆领长袖修身显瘦大码欧美连衣裙,http://img01.taobaocdn.com/bao/uploaded/i1/T10urMXlNkXXaR10s6_061247.jpg,正品促销,0.0,0.0,0,0,0,0,0,2012-10-18
19383048750,海青蓝旗舰店,2012,海青蓝2012秋季女装新款复古气质圆领长袖修身显瘦大码欧美连衣裙,http://img01.taobaocdn.com/bao/uploaded/i1/T10urMXlNkXXaR10s6_061247.jpg,正品促销,0.0,0.0,1,0,-1,2,0,2012-10-17
19383048750,海青蓝旗舰店,2012,海青蓝2012秋季女装新款复古气质圆领长袖修身显瘦大码欧美连衣裙,http://img01.taobaocdn.com/bao/uploaded/i1/T10urMXlNkXXaR10s6_061247.jpg,正品促销,0.0,0.0,0,0,0,0,0,2012-10-16
20251720640,海青蓝旗舰店,,,,秋款上新,0.0,0.0,-1,-1,0,0,0,2012-10-19
20251720640,海青蓝旗舰店,2012,海青蓝2012秋冬新款 大牌刺绣 收腰显瘦 针织长袖连衣裙,http://img03.taobaocdn.com/bao/uploaded/i3/T189nUXoFfXXX_oVEY_025256.jpg,秋款上新,0.0,0.0,0,0,0,-2,0,2012-10-18
20251720640,海青蓝旗舰店,2012,海青蓝2012秋冬新款 大牌刺绣 收腰显瘦 针织长袖连衣裙,http://img03.taobaocdn.com/bao/uploaded/i3/T189nUXoFfXXX_oVEY_025256.jpg,秋款上新,0.0,0.0,0,0,0,0,0,2012-10-17
20251720640,海青蓝旗舰店,2012,海青蓝2012秋冬新款 大牌刺绣 收腰显瘦 针织长袖连衣裙,http://img03.taobaocdn.com/bao/uploaded/i3/T189nUXoFfXXX_oVEY_025256.jpg,秋款上新,0.0,0.0,0,0,0,0,0,2012-10-16
16091190207,海青蓝旗舰店,,,,秋款上新,0.0,0.0,0,0,0,0,0,2012-10-19
16091190207,海青蓝旗舰店,2012,海青蓝2012秋冬新款 黄金富贵荷叶边复古气质长袖大码弹力连衣裙,http://img03.taobaocdn.com/bao/uploaded/i3/T1_ojUXXlaXXaO7rw4_051834.jpg,秋款上新,0.0,0.0,0,0,0,0,0,2012-10-18
16091190207,海青蓝旗舰店,2012,海青蓝2012秋冬新款 黄金富贵荷叶边复古气质长袖大码弹力连衣裙,http://img03.taobaocdn.com/bao/uploaded/i3/T1_ojUXXlaXXaO7rw4_051834.jpg,秋款上新,0.0,0.0,1,1,-1,2,0,2012-10-17
16091190207,海青蓝旗舰店,2012,海青蓝2012秋冬新款 黄金富贵荷叶边复古气质长袖大码弹力连衣裙,http://img03.taobaocdn.com/bao/uploaded/i3/T1_ojUXXlaXXaO7rw4_051834.jpg,秋款上新,0.0,0.0,0,0,0,0,0,2012-10-16
19150516376,海青蓝旗舰店,,,,秋款上新,0.0,0.0,0,0,0,4,0,2012-10-19
19150516376,海青蓝旗舰店,2012,海青蓝2012秋冬新款女装红色毛呢无袖背心裙百搭连衣裙高领百搭,http://img01.taobaocdn.com/bao/uploaded/i1/T1.FjRXXReXXXDKBcU_015532.jpg,秋款上新,0.0,0.0,0,0,0,-3,0,2012-10-18
19150516376,海青蓝旗舰店,2012,海青蓝2012秋冬新款女装红色毛呢无袖背心裙百搭连衣裙高领百搭,http://img01.taobaocdn.com/bao/uploaded/i1/T1.FjRXXReXXXDKBcU_015532.jpg,秋款上新,0.0,0.0,1,0,-1,1,0,2012-10-17
19150516376,海青蓝旗舰店,2012,海青蓝2012秋冬新款女装红色毛呢无袖背心裙百搭连衣裙高领百搭,http://img01.taobaocdn.com/bao/uploaded/i1/T1.FjRXXReXXXDKBcU_015532.jpg,秋款上新,0.0,0.0,0,0,0,0,0,2012-10-16
15844854891,海青蓝旗舰店,,,,天猫上新,0.0,0.0,0,0,0,0,0,2012-10-19
15844854891,海青蓝旗舰店,2012,海青蓝2012秋季女装新款 修身欧美重工刺绣 V领气质连衣裙有大码,http://img01.taobaocdn.com/bao/uploaded/i1/T1PabRXhpdXXcapuTa_120705.jpg,天猫上新,0.0,0.0,0,0,0,2,0,2012-10-18
15844854891,海青蓝旗舰店,2012,海青蓝2012秋季女装新款 修身欧美重工刺绣 V领气质连衣裙有大码,http://img01.taobaocdn.com/bao/uploaded/i1/T1PabRXhpdXXcapuTa_120705.jpg,天猫上新,0.0,0.0,0,0,0,2,0,2012-10-17
15844854891,海青蓝旗舰店,2012,海青蓝2012秋季女装新款 修身欧美重工刺绣 V领气质连衣裙有大码,http://img01.taobaocdn.com/bao/uploaded/i1/T1PabRXhpdXXcapuTa_120705.jpg,天猫上新,0.0,0.0,0,0,0,0,0,2012-10-16
15861050595,海青蓝旗舰店,,,,秋季新品,0.0,0.0,0,0,0,6,0,2012-10-19
15861050595,海青蓝旗舰店,2012,海青蓝2012秋季女装新款 优雅气质 蕾丝拼丝绒收腰显瘦大码连衣裙,http://img01.taobaocdn.com/bao/uploaded/i1/T1zK_LXd0eXXarAPsT_012357.jpg,秋季新品,0.0,0.0,0,0,0,0,0,2012-10-18
15861050595,海青蓝旗舰店,2012,海青蓝2012秋季女装新款 优雅气质 蕾丝拼丝绒收腰显瘦大码连衣裙,http://img01.taobaocdn.com/bao/uploaded/i1/T1zK_LXd0eXXarAPsT_012357.jpg,秋季新品,0.0,0.0,0,0,0,7,0,2012-10-17
15861050595,海青蓝旗舰店,2012,海青蓝2012秋季女装新款 优雅气质 蕾丝拼丝绒收腰显瘦大码连衣裙,http://img01.taobaocdn.com/bao/uploaded/i1/T1zK_LXd0eXXarAPsT_012357.jpg,秋季新品,0.0,0.0,0,0,0,0,0,2012-10-16
15863953189,海青蓝旗舰店,,,,秋季新品,0.0,0.0,0,0,0,0,0,2012-10-19
15863953189,海青蓝旗舰店,2012,海青蓝2012秋季女装新品 针织绝色印染百搭打底大码修身连衣裙,http://img01.taobaocdn.com/bao/uploaded/i1/T1kE6KXb8hXXcvdDQV_022107.jpg,秋季新品,0.0,0.0,1,1,-1,0,0,2012-10-18
15863953189,海青蓝旗舰店,2012,海青蓝2012秋季女装新品 针织绝色印染百搭打底大码修身连衣裙,http://img01.taobaocdn.com/bao/uploaded/i1/T1kE6KXb8hXXcvdDQV_022107.jpg,秋季新品,0.0,0.0,0,0,0,-2,0,2012-10-17
15863953189,海青蓝旗舰店,2012,海青蓝2012秋季女装新品 针织绝色印染百搭打底大码修身连衣裙,http://img01.taobaocdn.com/bao/uploaded/i1/T1kE6KXb8hXXcvdDQV_022107.jpg,秋季新品,0.0,0.0,0,0,0,0,0,2012-10-16
15907762683,海青蓝旗舰店,,,,秋季新品,0.0,0.0,0,0,0,4,0,2012-10-19
15907762683,海青蓝旗舰店,2012,海青蓝2012秋季女装 百搭圆领长袖宽松大码 钉珠 黑色连衣裙,http://img02.taobaocdn.com/bao/uploaded/i2/T1SpTJXbFrXXaDhgwV_020556.jpg,秋季新品,0.0,0.0,0,0,0,0,0,2012-10-18
15907762683,海青蓝旗舰店,2012,海青蓝2012秋季女装 百搭圆领长袖宽松大码 钉珠 黑色连衣裙,http://img02.taobaocdn.com/bao/uploaded/i2/T1SpTJXbFrXXaDhgwV_020556.jpg,秋季新品,0.0,0.0,0,0,0,3,0,2012-10-17
15907762683,海青蓝旗舰店,2012,海青蓝2012秋季女装 百搭圆领长袖宽松大码 钉珠 黑色连衣裙,http://img02.taobaocdn.com/bao/uploaded/i2/T1SpTJXbFrXXaDhgwV_020556.jpg,秋季新品,0.0,0.0,0,0,0,0,0,2012-10-16
16706127705,海青蓝旗舰店,,,,秋款上新,0.0,0.0,1,1,-2,1,0,2012-10-19
16706127705,海青蓝旗舰店,2012,海青蓝2012秋冬女装新款欧美名媛气质刺绣蕾丝长袖正品连衣裙大码,http://img02.taobaocdn.com/bao/uploaded/i2/T1MuvMXoRiXXXZ5cZ6_061204.jpg,秋款上新,0.0,0.0,0,0,0,2,0,2012-10-18
16706127705,海青蓝旗舰店,2012,海青蓝2012秋冬女装新款欧美名媛气质刺绣蕾丝长袖正品连衣裙大码,http://img02.taobaocdn.com/bao/uploaded/i2/T1MuvMXoRiXXXZ5cZ6_061204.jpg,秋款上新,0.0,0.0,0,0,0,0,0,2012-10-17
16706127705,海青蓝旗舰店,2012,海青蓝2012秋冬女装新款欧美名媛气质刺绣蕾丝长袖正品连衣裙大码,http://img02.taobaocdn.com/bao/uploaded/i2/T1MuvMXoRiXXXZ5cZ6_061204.jpg,秋款上新,0.0,0.0,0,0,0,0,0,2012-10-16
15431898519,海青蓝旗舰店,,,,秋款上新,0.0,0.0,1,1,-2,4,0,2012-10-19
15431898519,海青蓝旗舰店,2012,海青蓝2012秋冬女装新款 高端进口植物丝绒 宽松气质正品连衣裙,http://img01.taobaocdn.com/bao/uploaded/i1/T1pjHTXmhfXXavI.6b_095532.jpg,秋款上新,0.0,0.0,0,0,0,1,0,2012-10-18
15431898519,海青蓝旗舰店,2012,海青蓝2012秋冬女装新款 高端进口植物丝绒 宽松气质正品连衣裙,http://img01.taobaocdn.com/bao/uploaded/i1/T1pjHTXmhfXXavI.6b_095532.jpg,秋款上新,0.0,0.0,1,1,-1,-4,0,2012-10-17
15431898519,海青蓝旗舰店,2012,海青蓝2012秋冬女装新款 高端进口植物丝绒 宽松气质正品连衣裙,http://img01.taobaocdn.com/bao/uploaded/i1/T1pjHTXmhfXXavI.6b_095532.jpg,秋款上新,0.0,0.0,0,0,0,0,0,2012-10-16
20035640900,海青蓝旗舰店,,,,秋款上新,0.0,0.0,-1,-1,0,0,0,2012-10-19
20035640900,海青蓝旗舰店,2012,海青蓝2012秋季女装新款 优雅女性 大码宽松丝绒 品牌连衣裙,http://img04.taobaocdn.com/bao/uploaded/i4/T1AjTPXXFbXXchKCM6_062736.jpg,秋款上新,0.0,0.0,0,0,0,0,0,2012-10-18
20035640900,海青蓝旗舰店,2012,海青蓝2012秋季女装新款 优雅女性 大码宽松丝绒 品牌连衣裙,http://img04.taobaocdn.com/bao/uploaded/i4/T1AjTPXXFbXXchKCM6_062736.jpg,秋款上新,0.0,0.0,0,0,0,0,0,2012-10-17
20035640900,海青蓝旗舰店,2012,海青蓝2012秋季女装新款 优雅女性 大码宽松丝绒 品牌连衣裙,http://img04.taobaocdn.com/bao/uploaded/i4/T1AjTPXXFbXXchKCM6_062736.jpg,秋款上新,0.0,0.0,0,0,0,1,0,2012-10-16
17094695557,海青蓝旗舰店,,,,秋季新品,0.0,0.0,0,0,0,2,0,2012-10-19
17094695557,海青蓝旗舰店,2012,海青蓝 2012秋季女装 兔毛丝绒欧美大牌 无袖背心裙百搭连衣裙子,http://img01.taobaocdn.com/bao/uploaded/i1/T1aLYLXnBdXXXv9KZW_023320.jpg,秋季新品,0.0,0.0,0,0,0,0,0,2012-10-18
17094695557,海青蓝旗舰店,2012,海青蓝 2012秋季女装 兔毛丝绒欧美大牌 无袖背心裙百搭连衣裙子,http://img01.taobaocdn.com/bao/uploaded/i1/T1aLYLXnBdXXXv9KZW_023320.jpg,秋季新品,0.0,0.0,0,0,0,0,0,2012-10-17
17094695557,海青蓝旗舰店,2012,海青蓝 2012秋季女装 兔毛丝绒欧美大牌 无袖背心裙百搭连衣裙子,http://img01.taobaocdn.com/bao/uploaded/i1/T1aLYLXnBdXXXv9KZW_023320.jpg,秋季新品,0.0,0.0,0,0,0,0,0,2012-10-16
20251332716,海青蓝旗舰店,,,,秋款上新,0.0,0.0,0,0,0,3,0,2012-10-19
20251332716,海青蓝旗舰店,,海青蓝秋冬新款大牌刺绣拼皮长袖羊毛大衣中长款毛呢外套风衣,http://img01.taobaocdn.com/bao/uploaded/i1/T1RrLTXgdkXXb7WSU8_071632.jpg,秋款上新,0.0,0.0,0,0,0,0,0,2012-10-18
20251332716,海青蓝旗舰店,,海青蓝秋冬新款大牌刺绣拼皮长袖羊毛大衣中长款毛呢外套风衣,http://img01.taobaocdn.com/bao/uploaded/i1/T1RrLTXgdkXXb7WSU8_071632.jpg,秋款上新,0.0,0.0,0,0,0,4,0,2012-10-17
20251332716,海青蓝旗舰店,,海青蓝秋冬新款大牌刺绣拼皮长袖羊毛大衣中长款毛呢外套风衣,http://img01.taobaocdn.com/bao/uploaded/i1/T1RrLTXgdkXXb7WSU8_071632.jpg,秋款上新,0.0,0.0,0,0,0,0,0,2012-10-16
16692431289,海青蓝旗舰店,,,,,0.0,,0,-1,0,0,0,2012-10-19
16692431289,海青蓝旗舰店,2012,海青蓝2012秋季女装新款欧美大牌拼色长袖蕾丝修身气质品牌连衣裙,http://img01.taobaocdn.com/bao/uploaded/i1/T16.zKXktXXXbAFh75_055913.jpg,,0.0,0.0,0,0,0,0,0,2012-10-18
16692431289,海青蓝旗舰店,2012,海青蓝2012秋季女装新款欧美大牌拼色长袖蕾丝修身气质品牌连衣裙,http://img01.taobaocdn.com/bao/uploaded/i1/T16.zKXktXXXbAFh75_055913.jpg,,0.0,0.0,0,0,0,0,0,2012-10-17
16692431289,海青蓝旗舰店,2012,海青蓝2012秋季女装新款欧美大牌拼色长袖蕾丝修身气质品牌连衣裙,http://img01.taobaocdn.com/bao/uploaded/i1/T16.zKXktXXXbAFh75_055913.jpg,,0.0,0.0,0,0,0,0,0,2012-10-16
18778736647,海青蓝旗舰店,,,,秋款上新,0.0,0.0,0,0,0,0,0,2012-10-19
18778736647,海青蓝旗舰店,2012,海青蓝2012秋冬女装新款欧美正品大牌假两件套长袖显瘦大码连衣裙,http://img04.taobaocdn.com/bao/uploaded/i4/T1y9TMXnxeXXbjk_.5_060259.jpg,秋款上新,0.0,0.0,0,0,0,0,0,2012-10-18
18778736647,海青蓝旗舰店,2012,海青蓝2012秋冬女装新款欧美正品大牌假两件套长袖显瘦大码连衣裙,http://img04.taobaocdn.com/bao/uploaded/i4/T1y9TMXnxeXXbjk_.5_060259.jpg,秋款上新,0.0,0.0,0,0,0,0,0,2012-10-17
18778736647,海青蓝旗舰店,2012,海青蓝2012秋冬女装新款欧美正品大牌假两件套长袖显瘦大码连衣裙,http://img04.taobaocdn.com/bao/uploaded/i4/T1y9TMXnxeXXbjk_.5_060259.jpg,秋款上新,0.0,0.0,0,0,0,0,0,2012-10-16
15987462443,海青蓝旗舰店,,,,秋款上新,0.0,0.0,0,-1,0,1,0,2012-10-19
15987462443,海青蓝旗舰店,2012,海青蓝2012秋季女装新款 气质绽放 长袖蕾丝缕空品质大码连衣裙,http://img02.taobaocdn.com/bao/uploaded/i2/T19dbOXh4mXXb.E6s6_062319.jpg,秋款上新,0.0,0.0,0,0,0,0,0,2012-10-18
15987462443,海青蓝旗舰店,2012,海青蓝2012秋季女装新款 气质绽放 长袖蕾丝缕空品质大码连衣裙,http://img02.taobaocdn.com/bao/uploaded/i2/T19dbOXh4mXXb.E6s6_062319.jpg,秋款上新,0.0,0.0,0,0,0,1,0,2012-10-17
15987462443,海青蓝旗舰店,2012,海青蓝2012秋季女装新款 气质绽放 长袖蕾丝缕空品质大码连衣裙,http://img02.taobaocdn.com/bao/uploaded/i2/T19dbOXh4mXXb.E6s6_062319.jpg,秋款上新,0.0,0.0,0,0,0,0,0,2012-10-16
15881018162,海青蓝旗舰店,,,,秋季新品,0.0,0.0,0,0,0,0,0,2012-10-19
15881018162,海青蓝旗舰店,2012,海青蓝2012秋季女装新款 欧美重工绣花 民族风大码连衣裙,http://img03.taobaocdn.com/bao/uploaded/i3/T1o_vOXkxXXXc_PE33_051518.jpg,秋季新品,0.0,0.0,0,0,0,0,0,2012-10-18
15881018162,海青蓝旗舰店,2012,海青蓝2012秋季女装新款 欧美重工绣花 民族风大码连衣裙,http://img03.taobaocdn.com/bao/uploaded/i3/T1o_vOXkxXXXc_PE33_051518.jpg,秋季新品,0.0,0.0,0,0,0,0,0,2012-10-17
15881018162,海青蓝旗舰店,2012,海青蓝2012秋季女装新款 欧美重工绣花 民族风大码连衣裙,http://img03.taobaocdn.com/bao/uploaded/i3/T1o_vOXkxXXXc_PE33_051518.jpg,秋季新品,0.0,0.0,0,0,0,0,0,2012-10-16
15863453152,海青蓝旗舰店,,,,秋季新品,0.0,0.0,0,0,0,3,0,2012-10-19
15863453152,海青蓝旗舰店,2012,海青蓝2012秋季女装新款 极度名媛钉珠高腰显瘦大码修身连衣裙子,http://img01.taobaocdn.com/bao/uploaded/i1/T1EgbMXbJoXXXJ_DoU_015817.jpg,秋季新品,0.0,0.0,0,0,0,0,0,2012-10-18
15863453152,海青蓝旗舰店,2012,海青蓝2012秋季女装新款 极度名媛钉珠高腰显瘦大码修身连衣裙子,http://img01.taobaocdn.com/bao/uploaded/i1/T1EgbMXbJoXXXJ_DoU_015817.jpg,秋季新品,0.0,0.0,0,0,0,0,0,2012-10-17
15863453152,海青蓝旗舰店,2012,海青蓝2012秋季女装新款 极度名媛钉珠高腰显瘦大码修身连衣裙子,http://img01.taobaocdn.com/bao/uploaded/i1/T1EgbMXbJoXXXJ_DoU_015817.jpg,秋季新品,0.0,0.0,0,0,0,0,0,2012-10-16
15860682420,海青蓝旗舰店,,,,秋季新品,0.0,0.0,0,0,0,0,0,2012-10-19
15860682420,海青蓝旗舰店,2012,海青蓝2012秋季新款 7度名媛 气质女装高腰显瘦大码长袖连衣裙子,http://img01.taobaocdn.com/bao/uploaded/i1/T1ai2QXddiXXXYpLva_120759.jpg,秋季新品,0.0,0.0,0,0,0,0,0,2012-10-18
15860682420,海青蓝旗舰店,2012,海青蓝2012秋季新款 7度名媛 气质女装高腰显瘦大码长袖连衣裙子,http://img01.taobaocdn.com/bao/uploaded/i1/T1ai2QXddiXXXYpLva_120759.jpg,秋季新品,0.0,0.0,0,0,0,0,0,2012-10-17
15860682420,海青蓝旗舰店,2012,海青蓝2012秋季新款 7度名媛 气质女装高腰显瘦大码长袖连衣裙子,http://img01.taobaocdn.com/bao/uploaded/i1/T1ai2QXddiXXXYpLva_120759.jpg,秋季新品,0.0,0.0,0,0,0,0,0,2012-10-16
15847469670,海青蓝旗舰店,,,,天猫上新,0.0,0.0,0,0,0,-2,0,2012-10-19
15847469670,海青蓝旗舰店,2012,海青蓝2012秋季女装新款 高端女性 全重工绣花修身大码欧美连衣裙,http://img02.taobaocdn.com/bao/uploaded/i2/T1UPLHXXFlXXb24973_051257.jpg,天猫上新,0.0,0.0,0,0,0,0,0,2012-10-18
15847469670,海青蓝旗舰店,2012,海青蓝2012秋季女装新款 高端女性 全重工绣花修身大码欧美连衣裙,http://img02.taobaocdn.com/bao/uploaded/i2/T1UPLHXXFlXXb24973_051257.jpg,天猫上新,0.0,0.0,0,0,0,0,0,2012-10-17
15847469670,海青蓝旗舰店,2012,海青蓝2012秋季女装新款 高端女性 全重工绣花修身大码欧美连衣裙,http://img02.taobaocdn.com/bao/uploaded/i2/T1UPLHXXFlXXb24973_051257.jpg,天猫上新,0.0,0.0,0,0,0,0,0,2012-10-16
20239264225,海青蓝旗舰店,,,,秋款上新,0.0,0.0,0,0,0,4,0,2012-10-19
20239264225,海青蓝旗舰店,2012,海青蓝2012秋冬新款奢华狐狸毛领名媛气质大牌女士中长款羽绒服,http://img01.taobaocdn.com/bao/uploaded/i1/T14TzTXkNgXXX9kqw1_040203.jpg,秋款上新,0.0,0.0,0,0,0,3,0,2012-10-18
20239264225,海青蓝旗舰店,2012,海青蓝2012秋冬新款奢华狐狸毛领名媛气质大牌女士中长款羽绒服,http://img01.taobaocdn.com/bao/uploaded/i1/T14TzTXkNgXXX9kqw1_040203.jpg,秋款上新,0.0,0.0,0,0,0,2,0,2012-10-17
20239264225,海青蓝旗舰店,2012,海青蓝2012秋冬新款奢华狐狸毛领名媛气质大牌女士中长款羽绒服,http://img01.taobaocdn.com/bao/uploaded/i1/T14TzTXkNgXXX9kqw1_040203.jpg,秋款上新,0.0,0.0,0,0,0,0,0,2012-10-16
17393723791,海青蓝旗舰店,,,,秋款上新,0.0,0.0,0,0,0,0,0,2012-10-19
17393723791,海青蓝旗舰店,2012,海青蓝2012秋冬新款名媛气质修身毛呢外套女中长款短外套大衣,http://img04.taobaocdn.com/bao/uploaded/i4/T1tX2TXdtcXXb_bAM__080228.jpg,秋款上新,0.0,0.0,0,0,0,3,0,2012-10-18
17393723791,海青蓝旗舰店,2012,海青蓝2012秋冬新款名媛气质修身毛呢外套女中长款短外套大衣,http://img04.taobaocdn.com/bao/uploaded/i4/T1tX2TXdtcXXb_bAM__080228.jpg,秋款上新,0.0,0.0,0,0,0,-2,0,2012-10-17
17393723791,海青蓝旗舰店,2012,海青蓝2012秋冬新款名媛气质修身毛呢外套女中长款短外套大衣,http://img04.taobaocdn.com/bao/uploaded/i4/T1tX2TXdtcXXb_bAM__080228.jpg,秋款上新,0.0,0.0,0,0,0,0,0,2012-10-16
20126380540,海青蓝旗舰店,,,,秋款上新,0.0,0.0,0,0,0,0,0,2012-10-19
20126380540,海青蓝旗舰店,2012,海青蓝2012秋季新款女装 不对称欧美大牌针织长袖连衣裙大码,http://img04.taobaocdn.com/bao/uploaded/i4/T1hJjQXehjXXabZP.__080147.jpg,秋款上新,0.0,0.0,0,0,0,0,0,2012-10-18
20126380540,海青蓝旗舰店,2012,海青蓝2012秋季新款女装 不对称欧美大牌针织长袖连衣裙大码,http://img04.taobaocdn.com/bao/uploaded/i4/T1hJjQXehjXXabZP.__080147.jpg,秋款上新,0.0,0.0,0,0,0,0,0,2012-10-17
20126380540,海青蓝旗舰店,2012,海青蓝2012秋季新款女装 不对称欧美大牌针织长袖连衣裙大码,http://img04.taobaocdn.com/bao/uploaded/i4/T1hJjQXehjXXabZP.__080147.jpg,秋款上新,0.0,0.0,0,0,0,0,0,2012-10-16
19738360138,海青蓝旗舰店,,,,天猫上新,0.0,0.0,0,0,0,0,0,2012-10-19
19738360138,海青蓝旗舰店,2012,海青蓝2012秋季女装新款华丽夫人重工绣花丝绒圆领长袖大码连衣裙,http://img03.taobaocdn.com/bao/uploaded/i3/T1zX2KXgVlXXb7xEZ3_051513.jpg,天猫上新,0.0,0.0,0,0,0,3,0,2012-10-18
19738360138,海青蓝旗舰店,2012,海青蓝2012秋季女装新款华丽夫人重工绣花丝绒圆领长袖大码连衣裙,http://img03.taobaocdn.com/bao/uploaded/i3/T1zX2KXgVlXXb7xEZ3_051513.jpg,天猫上新,0.0,0.0,0,0,0,0,0,2012-10-17
19738360138,海青蓝旗舰店,2012,海青蓝2012秋季女装新款华丽夫人重工绣花丝绒圆领长袖大码连衣裙,http://img03.taobaocdn.com/bao/uploaded/i3/T1zX2KXgVlXXb7xEZ3_051513.jpg,天猫上新,0.0,0.0,0,0,0,0,0,2012-10-16
19383876802,海青蓝旗舰店,,,,秋款上新,0.0,0.0,1,1,-1,0,0,2012-10-19
19383876802,海青蓝旗舰店,2012,海青蓝2012秋季女装新款蝙蝠袖堆堆领大牌打底必备羊毛毛衣连衣裙,http://img03.taobaocdn.com/bao/uploaded/i3/T1hwPQXgljXXbZ_mMU_015733.jpg,秋款上新,0.0,0.0,0,0,0,0,0,2012-10-18
19383876802,海青蓝旗舰店,2012,海青蓝2012秋季女装新款蝙蝠袖堆堆领大牌打底必备羊毛毛衣连衣裙,http://img03.taobaocdn.com/bao/uploaded/i3/T1hwPQXgljXXbZ_mMU_015733.jpg,秋款上新,0.0,0.0,0,0,0,1,0,2012-10-17
19383876802,海青蓝旗舰店,2012,海青蓝2012秋季女装新款蝙蝠袖堆堆领大牌打底必备羊毛毛衣连衣裙,http://img03.taobaocdn.com/bao/uploaded/i3/T1hwPQXgljXXbZ_mMU_015733.jpg,秋款上新,0.0,0.0,0,0,0,0,0,2012-10-16
16700227822,海青蓝旗舰店,,,,,0.0,,0,0,0,0,0,2012-10-19
16700227822,海青蓝旗舰店,2012,海青蓝2012秋冬女装新款重工绣花修身7分袖大牌毛呢连衣裙有大码,http://img03.taobaocdn.com/bao/uploaded/i3/T14m2MXbNhXXaovLw7_064445.jpg,,0.0,0.0,0,0,0,0,0,2012-10-18
16700227822,海青蓝旗舰店,2012,海青蓝2012秋冬女装新款重工绣花修身7分袖大牌毛呢连衣裙有大码,http://img03.taobaocdn.com/bao/uploaded/i3/T14m2MXbNhXXaovLw7_064445.jpg,,0.0,0.0,0,0,0,3,0,2012-10-17
16700227822,海青蓝旗舰店,2012,海青蓝2012秋冬女装新款重工绣花修身7分袖大牌毛呢连衣裙有大码,http://img03.taobaocdn.com/bao/uploaded/i3/T14m2MXbNhXXaovLw7_064445.jpg,,0.0,0.0,0,0,0,0,0,2012-10-16
16845583597,海青蓝旗舰店,,,,秋款上新,0.0,0.0,0,0,0,0,0,2012-10-19
16845583597,海青蓝旗舰店,2012,海青蓝2012秋冬女装新款羊毛呢钉珠修身圆领长袖大码弹性连衣裙子,http://img01.taobaocdn.com/bao/uploaded/i1/T1CDDLXXxoXXahCcw6_061133.jpg,秋款上新,0.0,0.0,0,0,0,0,0,2012-10-18
16845583597,海青蓝旗舰店,2012,海青蓝2012秋冬女装新款羊毛呢钉珠修身圆领长袖大码弹性连衣裙子,http://img01.taobaocdn.com/bao/uploaded/i1/T1CDDLXXxoXXahCcw6_061133.jpg,秋款上新,0.0,0.0,0,0,0,-3,0,2012-10-17
16845583597,海青蓝旗舰店,2012,海青蓝2012秋冬女装新款羊毛呢钉珠修身圆领长袖大码弹性连衣裙子,http://img01.taobaocdn.com/bao/uploaded/i1/T1CDDLXXxoXXahCcw6_061133.jpg,秋款上新,0.0,0.0,0,0,0,0,0,2012-10-16
15861510019,海青蓝旗舰店,,,,秋季新品,0.0,0.0,0,0,0,0,0,2012-10-19
15861510019,海青蓝旗舰店,2012,海青蓝2012秋季女装新款 针织印花 圆领长袖大码修身连衣裙,http://img04.taobaocdn.com/bao/uploaded/i4/T1BWLLXXxpXXasK.kU_015928.jpg,秋季新品,0.0,0.0,0,0,0,0,0,2012-10-18
15861510019,海青蓝旗舰店,2012,海青蓝2012秋季女装新款 针织印花 圆领长袖大码修身连衣裙,http://img04.taobaocdn.com/bao/uploaded/i4/T1BWLLXXxpXXasK.kU_015928.jpg,秋季新品,0.0,0.0,0,0,0,0,0,2012-10-17
15861510019,海青蓝旗舰店,2012,海青蓝2012秋季女装新款 针织印花 圆领长袖大码修身连衣裙,http://img04.taobaocdn.com/bao/uploaded/i4/T1BWLLXXxpXXasK.kU_015928.jpg,秋季新品,0.0,0.0,0,0,0,0,0,2012-10-16
15565181387,海青蓝旗舰店,,,,秋款上新,0.0,0.0,0,1,-1,0,0,2012-10-19
15565181387,海青蓝旗舰店,2012,海青蓝2012秋冬女装新款经典千鸟格毛呢无袖背心裙大牌兔毛连衣裙,http://img04.taobaocdn.com/bao/uploaded/i4/T1uPjNXX8aXXaOiso6_060821.jpg,秋款上新,0.0,0.0,0,0,0,0,0,2012-10-18
15565181387,海青蓝旗舰店,2012,海青蓝2012秋冬女装新款经典千鸟格毛呢无袖背心裙大牌兔毛连衣裙,http://img04.taobaocdn.com/bao/uploaded/i4/T1uPjNXX8aXXaOiso6_060821.jpg,秋款上新,0.0,0.0,0,0,0,0,0,2012-10-17
15565181387,海青蓝旗舰店,2012,海青蓝2012秋冬女装新款经典千鸟格毛呢无袖背心裙大牌兔毛连衣裙,http://img04.taobaocdn.com/bao/uploaded/i4/T1uPjNXX8aXXaOiso6_060821.jpg,秋款上新,0.0,0.0,0,0,0,0,0,2012-10-16
15861110445,海青蓝旗舰店,,,,秋季新品,0.0,0.0,0,0,0,0,0,2012-10-19
15861110445,海青蓝旗舰店,2012,海青蓝2012秋季女装新款 复古丽人 丝绒蕾丝系带 显瘦连衣裙,http://img04.taobaocdn.com/bao/uploaded/i4/T1yl_FXeNqXXX8M_ET_012913.jpg,秋季新品,0.0,0.0,0,0,0,0,0,2012-10-18
15861110445,海青蓝旗舰店,2012,海青蓝2012秋季女装新款 复古丽人 丝绒蕾丝系带 显瘦连衣裙,http://img04.taobaocdn.com/bao/uploaded/i4/T1yl_FXeNqXXX8M_ET_012913.jpg,秋季新品,0.0,0.0,0,0,0,0,0,2012-10-17
15861110445,海青蓝旗舰店,2012,海青蓝2012秋季女装新款 复古丽人 丝绒蕾丝系带 显瘦连衣裙,http://img04.taobaocdn.com/bao/uploaded/i4/T1yl_FXeNqXXX8M_ET_012913.jpg,秋季新品,0.0,0.0,0,0,0,0,0,2012-10-16
20250052698,海青蓝旗舰店,,,,秋款上新,0.0,0.0,0,0,0,0,0,2012-10-19
20250052698,海青蓝旗舰店,2012,海青蓝2012秋冬新款 欧美风修身纯色淑女风 长袖连衣裙,http://img04.taobaocdn.com/bao/uploaded/i4/T1fZfKXc4rXXcc9c7W_022759.jpg,秋款上新,0.0,0.0,0,0,0,0,0,2012-10-18
20250052698,海青蓝旗舰店,2012,海青蓝2012秋冬新款 欧美风修身纯色淑女风 长袖连衣裙,http://img04.taobaocdn.com/bao/uploaded/i4/T1fZfKXc4rXXcc9c7W_022759.jpg,秋款上新,0.0,0.0,0,0,0,0,0,2012-10-17
20250052698,海青蓝旗舰店,2012,海青蓝2012秋冬新款 欧美风修身纯色淑女风 长袖连衣裙,http://img04.taobaocdn.com/bao/uploaded/i4/T1fZfKXc4rXXcc9c7W_022759.jpg,秋款上新,0.0,0.0,0,0,0,0,0,2012-10-16
20125468241,海青蓝旗舰店,,,,秋款上新,0.0,0.0,0,0,0,0,0,2012-10-19
20125468241,海青蓝旗舰店,2012,海青蓝2012秋季新款女装 重工盘花 欧美大牌针织长袖连衣裙大码,http://img01.taobaocdn.com/bao/uploaded/i1/T1bYYRXipiXXbl5xs7_064709.jpg,秋款上新,0.0,0.0,0,0,0,0,0,2012-10-18
20125468241,海青蓝旗舰店,2012,海青蓝2012秋季新款女装 重工盘花 欧美大牌针织长袖连衣裙大码,http://img01.taobaocdn.com/bao/uploaded/i1/T1bYYRXipiXXbl5xs7_064709.jpg,秋款上新,0.0,0.0,0,0,0,0,0,2012-10-17
20125468241,海青蓝旗舰店,2012,海青蓝2012秋季新款女装 重工盘花 欧美大牌针织长袖连衣裙大码,http://img01.taobaocdn.com/bao/uploaded/i1/T1bYYRXipiXXbl5xs7_064709.jpg,秋款上新,0.0,0.0,0,0,0,0,0,2012-10-16
20124500728,海青蓝旗舰店,,,,秋款上新,0.0,0.0,0,0,0,0,0,2012-10-19
20124500728,海青蓝旗舰店,2012,海青蓝2012秋季新款女装 重工针织钉珠 欧美大牌长袖连衣裙大码,http://img03.taobaocdn.com/bao/uploaded/i3/T1JFvQXmxjXXX70ro5_055050.jpg,秋款上新,0.0,0.0,0,0,0,0,0,2012-10-18
20124500728,海青蓝旗舰店,2012,海青蓝2012秋季新款女装 重工针织钉珠 欧美大牌长袖连衣裙大码,http://img03.taobaocdn.com/bao/uploaded/i3/T1JFvQXmxjXXX70ro5_055050.jpg,秋款上新,0.0,0.0,0,0,0,0,0,2012-10-17
20124500728,海青蓝旗舰店,2012,海青蓝2012秋季新款女装 重工针织钉珠 欧美大牌长袖连衣裙大码,http://img03.taobaocdn.com/bao/uploaded/i3/T1JFvQXmxjXXX70ro5_055050.jpg,秋款上新,0.0,0.0,0,0,0,0,0,2012-10-16
20035852270,海青蓝旗舰店,,,,秋款上新,0.0,0.0,0,0,0,3,0,2012-10-19
20035852270,海青蓝旗舰店,2012,海青蓝2012秋季女装新款 高端丝绒顶住 修身显瘦欧美大码连衣裙,http://img04.taobaocdn.com/bao/uploaded/i4/T1Oy6HXnJoXXbnxV37_063445.jpg,秋款上新,0.0,0.0,1,1,-1,0,0,2012-10-18
20035852270,海青蓝旗舰店,2012,海青蓝2012秋季女装新款 高端丝绒顶住 修身显瘦欧美大码连衣裙,http://img04.taobaocdn.com/bao/uploaded/i4/T1Oy6HXnJoXXbnxV37_063445.jpg,秋款上新,0.0,-89.6,0,0,0,1,0,2012-10-17
20035852270,海青蓝旗舰店,2012,海青蓝2012秋季女装新款 高端丝绒顶住 修身显瘦欧美大码连衣裙,http://img04.taobaocdn.com/bao/uploaded/i4/T1Oy6HXnJoXXbnxV37_063445.jpg,店铺vip,0.0,89.6,0,0,0,0,0,2012-10-16
19385784029,海青蓝旗舰店,,,,秋款上新,0.0,0.0,0,0,0,0,0,2012-10-19
19385784029,海青蓝旗舰店,2012,海青蓝2012秋冬女装新款 大牌纯色 7分袖职业修身小外套 风衣,http://img03.taobaocdn.com/bao/uploaded/i3/T1joHEXbFhXXa_SrU6_060750.jpg,秋款上新,0.0,0.0,0,0,0,0,0,2012-10-18
19385784029,海青蓝旗舰店,2012,海青蓝2012秋冬女装新款 大牌纯色 7分袖职业修身小外套 风衣,http://img03.taobaocdn.com/bao/uploaded/i3/T1joHEXbFhXXa_SrU6_060750.jpg,秋款上新,0.0,0.0,0,0,0,0,0,2012-10-17
19385784029,海青蓝旗舰店,2012,海青蓝2012秋冬女装新款 大牌纯色 7分袖职业修身小外套 风衣,http://img03.taobaocdn.com/bao/uploaded/i3/T1joHEXbFhXXa_SrU6_060750.jpg,秋款上新,0.0,0.0,0,0,0,0,0,2012-10-16
18623660266,海青蓝旗舰店,,,,秋款上新,0.0,0.0,0,0,0,0,0,2012-10-19
18623660266,海青蓝旗舰店,2012,海青蓝2012秋冬女装新款 蝴蝶结高腰显瘦长袖圆领大码连衣裙,http://img02.taobaocdn.com/bao/uploaded/i2/T1SM2NXotaXXXzeDU5_060240.jpg,秋款上新,0.0,0.0,0,0,0,0,0,2012-10-18
18623660266,海青蓝旗舰店,2012,海青蓝2012秋冬女装新款 蝴蝶结高腰显瘦长袖圆领大码连衣裙,http://img02.taobaocdn.com/bao/uploaded/i2/T1SM2NXotaXXXzeDU5_060240.jpg,秋款上新,0.0,0.0,0,0,0,0,0,2012-10-17
18623660266,海青蓝旗舰店,2012,海青蓝2012秋冬女装新款 蝴蝶结高腰显瘦长袖圆领大码连衣裙,http://img02.taobaocdn.com/bao/uploaded/i2/T1SM2NXotaXXXzeDU5_060240.jpg,秋款上新,0.0,0.0,0,0,0,0,0,2012-10-16
17262687555,海青蓝旗舰店,,,,秋款上新,0.0,0.0,0,0,0,0,0,2012-10-19
17262687555,海青蓝旗舰店,20120,海青蓝20120冬季 巴黎奢华大牌双面羊绒大衣 狐狸毛领羊绒外套,http://img02.taobaocdn.com/bao/uploaded/i2/T1CkrPXgdbXXbgcPM7_065303.jpg,秋款上新,0.0,0.0,0,0,0,2,0,2012-10-18
17262687555,海青蓝旗舰店,20120,海青蓝20120冬季 巴黎奢华大牌双面羊绒大衣 狐狸毛领羊绒外套,http://img02.taobaocdn.com/bao/uploaded/i2/T1CkrPXgdbXXbgcPM7_065303.jpg,秋款上新,0.0,0.0,0,0,0,3,0,2012-10-17
17262687555,海青蓝旗舰店,20120,海青蓝20120冬季 巴黎奢华大牌双面羊绒大衣 狐狸毛领羊绒外套,http://img02.taobaocdn.com/bao/uploaded/i2/T1CkrPXgdbXXbgcPM7_065303.jpg,秋款上新,0.0,0.0,0,0,0,0,0,2012-10-16
17094799810,海青蓝旗舰店,,,,秋季新品,0.0,0.0,0,0,0,0,0,2012-10-19
17094799810,海青蓝旗舰店,VIP,海青蓝 VIP客户专供 国外 大牌  纯进口 套装 卫衣 丝绒烫珠,http://img02.taobaocdn.com/bao/uploaded/i2/T1LjzKXb8iXXa97.cW_024803.jpg,秋季新品,0.0,0.0,0,0,0,0,0,2012-10-18
17094799810,海青蓝旗舰店,VIP,海青蓝 VIP客户专供 国外 大牌  纯进口 套装 卫衣 丝绒烫珠,http://img02.taobaocdn.com/bao/uploaded/i2/T1LjzKXb8iXXa97.cW_024803.jpg,秋季新品,0.0,0.0,0,0,0,0,0,2012-10-17
17094799810,海青蓝旗舰店,VIP,海青蓝 VIP客户专供 国外 大牌  纯进口 套装 卫衣 丝绒烫珠,http://img02.taobaocdn.com/bao/uploaded/i2/T1LjzKXb8iXXa97.cW_024803.jpg,秋季新品,0.0,0.0,0,0,0,0,0,2012-10-16
17072639429,海青蓝旗舰店,,,,天猫上新,0.0,0.0,0,0,0,0,0,2012-10-19
17072639429,海青蓝旗舰店,2012,海青蓝 秋季的品味 2012秋冬新品女装 欧美大牌针织印花连衣裙,http://img02.taobaocdn.com/bao/uploaded/i2/T1HkLHXeBfXXXr_Zg4_052232.jpg,天猫上新,0.0,0.0,0,0,0,0,0,2012-10-18
17072639429,海青蓝旗舰店,2012,海青蓝 秋季的品味 2012秋冬新品女装 欧美大牌针织印花连衣裙,http://img02.taobaocdn.com/bao/uploaded/i2/T1HkLHXeBfXXXr_Zg4_052232.jpg,天猫上新,0.0,0.0,0,0,0,0,0,2012-10-17
17072639429,海青蓝旗舰店,2012,海青蓝 秋季的品味 2012秋冬新品女装 欧美大牌针织印花连衣裙,http://img02.taobaocdn.com/bao/uploaded/i2/T1HkLHXeBfXXXr_Zg4_052232.jpg,天猫上新,0.0,0.0,0,0,0,0,0,2012-10-16
16693635352,海青蓝旗舰店,,,,秋款上新,0.0,0.0,0,0,0,0,0,2012-10-19
16693635352,海青蓝旗舰店,2012,海青蓝2012秋冬女装新款重工毛呢绣花长袖民族气质欧美大牌连衣裙,http://img02.taobaocdn.com/bao/uploaded/i2/T1h9vLXdBlXXa.LZg6_060812.jpg,秋款上新,0.0,0.0,0,0,0,1,0,2012-10-18
16693635352,海青蓝旗舰店,2012,海青蓝2012秋冬女装新款重工毛呢绣花长袖民族气质欧美大牌连衣裙,http://img02.taobaocdn.com/bao/uploaded/i2/T1h9vLXdBlXXa.LZg6_060812.jpg,秋款上新,0.0,0.0,0,0,0,-5,0,2012-10-17
16693635352,海青蓝旗舰店,2012,海青蓝2012秋冬女装新款重工毛呢绣花长袖民族气质欧美大牌连衣裙,http://img02.taobaocdn.com/bao/uploaded/i2/T1h9vLXdBlXXa.LZg6_060812.jpg,秋款上新,0.0,0.0,0,0,0,0,0,2012-10-16
15991045105,海青蓝旗舰店,,,,秋款上新,0.0,0.0,0,0,0,0,0,2012-10-19
15991045105,海青蓝旗舰店,2012,海青蓝2012秋季女装新款 高端丝绒钉珠修身长袖大码显瘦连衣裙,http://img02.taobaocdn.com/bao/uploaded/i2/T1f6zPXcBcXXXK7oc6_062926.jpg,秋款上新,0.0,0.0,0,0,0,0,0,2012-10-18
15991045105,海青蓝旗舰店,2012,海青蓝2012秋季女装新款 高端丝绒钉珠修身长袖大码显瘦连衣裙,http://img02.taobaocdn.com/bao/uploaded/i2/T1f6zPXcBcXXXK7oc6_062926.jpg,秋款上新,0.0,0.0,0,0,0,0,0,2012-10-17
15991045105,海青蓝旗舰店,2012,海青蓝2012秋季女装新款 高端丝绒钉珠修身长袖大码显瘦连衣裙,http://img02.taobaocdn.com/bao/uploaded/i2/T1f6zPXcBcXXXK7oc6_062926.jpg,秋款上新,0.0,0.0,0,0,0,0,0,2012-10-16
15987630601,海青蓝旗舰店,,,,秋款上新,0.0,0.0,0,0,0,0,0,2012-10-19
15987630601,海青蓝旗舰店,2012,海青蓝2012秋季女装新款 大摆V领蝴蝶结丝绒显瘦大码品牌连衣裙,http://img01.taobaocdn.com/bao/uploaded/i1/T1jhPOXhNlXXbJFd37_064253.jpg,秋款上新,0.0,0.0,0,0,0,0,0,2012-10-18
15987630601,海青蓝旗舰店,2012,海青蓝2012秋季女装新款 大摆V领蝴蝶结丝绒显瘦大码品牌连衣裙,http://img01.taobaocdn.com/bao/uploaded/i1/T1jhPOXhNlXXbJFd37_064253.jpg,秋款上新,0.0,0.0,0,0,0,0,0,2012-10-17
15987630601,海青蓝旗舰店,2012,海青蓝2012秋季女装新款 大摆V领蝴蝶结丝绒显瘦大码品牌连衣裙,http://img01.taobaocdn.com/bao/uploaded/i1/T1jhPOXhNlXXbJFd37_064253.jpg,秋款上新,0.0,0.0,0,0,0,0,0,2012-10-16
15987534835,海青蓝旗舰店,,,,秋款上新,0.0,0.0,0,0,0,0,0,2012-10-19
15987534835,海青蓝旗舰店,2012,海青蓝2012秋季女装新款 丝绒拼接高腰显瘦大码气质长袖连衣裙,http://img01.taobaocdn.com/bao/uploaded/i1/T1V_rHXcluXXbkREU6_063316.jpg,秋款上新,0.0,0.0,0,0,0,0,0,2012-10-18
15987534835,海青蓝旗舰店,2012,海青蓝2012秋季女装新款 丝绒拼接高腰显瘦大码气质长袖连衣裙,http://img01.taobaocdn.com/bao/uploaded/i1/T1V_rHXcluXXbkREU6_063316.jpg,秋款上新,0.0,0.0,0,0,0,0,0,2012-10-17
15987534835,海青蓝旗舰店,2012,海青蓝2012秋季女装新款 丝绒拼接高腰显瘦大码气质长袖连衣裙,http://img01.taobaocdn.com/bao/uploaded/i1/T1V_rHXcluXXbkREU6_063316.jpg,秋款上新,0.0,0.0,0,0,0,0,0,2012-10-16
15861698718,海青蓝旗舰店,,,,秋季新品,0.0,0.0,0,0,0,0,0,2012-10-19
15861698718,海青蓝旗舰店,2012,海青蓝2012秋季女装新款 T台秀大牌欧美毛呢无袖背心裙连衣裙,http://img04.taobaocdn.com/bao/uploaded/i4/T1cK2QXbhkXXbXzEwU_015945.jpg,秋季新品,0.0,0.0,0,0,0,0,0,2012-10-18
15861698718,海青蓝旗舰店,2012,海青蓝2012秋季女装新款 T台秀大牌欧美毛呢无袖背心裙连衣裙,http://img04.taobaocdn.com/bao/uploaded/i4/T1cK2QXbhkXXbXzEwU_015945.jpg,秋季新品,0.0,0.0,0,0,0,0,0,2012-10-17
15861698718,海青蓝旗舰店,2012,海青蓝2012秋季女装新款 T台秀大牌欧美毛呢无袖背心裙连衣裙,http://img04.taobaocdn.com/bao/uploaded/i4/T1cK2QXbhkXXbXzEwU_015945.jpg,秋季新品,0.0,0.0,0,0,0,0,0,2012-10-16
16094345042,海青蓝旗舰店,,,,秋款上新,0.0,0.0,0,0,0,0,0,2012-10-19
16094345042,海青蓝旗舰店,2012,海青蓝2012秋冬新款 中国风印花 拼接针织袖 修身长袖连衣裙,http://img03.taobaocdn.com/bao/uploaded/i3/T1mf_UXcJiXXXaCefb_093546.jpg,秋款上新,0.0,0.0,0,0,0,0,0,2012-10-18
16094345042,海青蓝旗舰店,2012,海青蓝2012秋冬新款 中国风印花 拼接针织袖 修身长袖连衣裙,http://img03.taobaocdn.com/bao/uploaded/i3/T1mf_UXcJiXXXaCefb_093546.jpg,秋款上新,0.0,0.0,0,0,0,0,0,2012-10-17
16094345042,海青蓝旗舰店,2012,海青蓝2012秋冬新款 中国风印花 拼接针织袖 修身长袖连衣裙,http://img03.taobaocdn.com/bao/uploaded/i3/T1mf_UXcJiXXXaCefb_093546.jpg,秋款上新,0.0,0.0,0,0,0,0,0,2012-10-16
20124912040,海青蓝旗舰店,,,,秋款上新,0.0,0.0,0,0,0,0,0,2012-10-19
20124912040,海青蓝旗舰店,2012,海青蓝2012秋装新款女装欧美大牌针织刺绣钉珠长袖大码连衣裙子,http://img03.taobaocdn.com/bao/uploaded/i3/T1AhjRXeBfXXctafk7_064426.jpg,秋款上新,0.0,0.0,0,0,0,0,0,2012-10-18
20124912040,海青蓝旗舰店,2012,海青蓝2012秋装新款女装欧美大牌针织刺绣钉珠长袖大码连衣裙子,http://img03.taobaocdn.com/bao/uploaded/i3/T1AhjRXeBfXXctafk7_064426.jpg,秋款上新,0.0,0.0,0,0,0,0,0,2012-10-17
20124912040,海青蓝旗舰店,2012,海青蓝2012秋装新款女装欧美大牌针织刺绣钉珠长袖大码连衣裙子,http://img03.taobaocdn.com/bao/uploaded/i3/T1AhjRXeBfXXctafk7_064426.jpg,秋款上新,0.0,0.0,0,0,0,0,0,2012-10-16
16034697144,海青蓝旗舰店,,,,店铺vip,0.0,0.0,0,0,0,0,0,2012-10-19
16034697144,海青蓝旗舰店,2012,海青蓝2012秋季女装新款 针织重工镂空欧美大牌修身连衣裙子显瘦,http://img03.taobaocdn.com/bao/uploaded/i3/T1Z7zRXbJdXXXluzZ8_071246.jpg,店铺vip,0.0,0.0,0,0,0,0,0,2012-10-18
16034697144,海青蓝旗舰店,2012,海青蓝2012秋季女装新款 针织重工镂空欧美大牌修身连衣裙子显瘦,http://img03.taobaocdn.com/bao/uploaded/i3/T1Z7zRXbJdXXXluzZ8_071246.jpg,店铺vip,0.0,0.0,0,0,0,0,0,2012-10-17
16034697144,海青蓝旗舰店,2012,海青蓝2012秋季女装新款 针织重工镂空欧美大牌修身连衣裙子显瘦,http://img03.taobaocdn.com/bao/uploaded/i3/T1Z7zRXbJdXXXluzZ8_071246.jpg,店铺vip,0.0,0.0,0,0,0,0,0,2012-10-16
16034529150,海青蓝旗舰店,,,,店铺vip,0.0,0.0,0,0,0,0,0,2012-10-19
16034529150,海青蓝旗舰店,2012,海青蓝2012秋季女装新款 大牌欧美针织印花立体钉珠修身连衣裙子,http://img04.taobaocdn.com/bao/uploaded/i4/T14zjIXeppXXbrrzI7_065300.jpg,店铺vip,0.0,0.0,0,0,0,0,0,2012-10-18
16034529150,海青蓝旗舰店,2012,海青蓝2012秋季女装新款 大牌欧美针织印花立体钉珠修身连衣裙子,http://img04.taobaocdn.com/bao/uploaded/i4/T14zjIXeppXXbrrzI7_065300.jpg,店铺vip,0.0,0.0,0,0,0,0,0,2012-10-17
16034529150,海青蓝旗舰店,2012,海青蓝2012秋季女装新款 大牌欧美针织印花立体钉珠修身连衣裙子,http://img04.taobaocdn.com/bao/uploaded/i4/T14zjIXeppXXbrrzI7_065300.jpg,店铺vip,0.0,0.0,0,0,0,0,0,2012-10-16
20126224663,海青蓝旗舰店,,,,秋款上新,0.0,0.0,0,0,0,3,0,2012-10-19
20126224663,海青蓝旗舰店,2012,海青蓝2012秋季女装新款 气质高贵优雅 民族风针织高端修身连衣裙,http://img02.taobaocdn.com/bao/uploaded/i2/T1QhLQXelkXXXqkhI8_070655.jpg,秋款上新,0.0,0.0,0,0,0,1,0,2012-10-18
20126224663,海青蓝旗舰店,2012,海青蓝2012秋季女装新款 气质高贵优雅 民族风针织高端修身连衣裙,http://img02.taobaocdn.com/bao/uploaded/i2/T1QhLQXelkXXXqkhI8_070655.jpg,秋款上新,0.0,0.0,0,0,0,0,0,2012-10-17
20126224663,海青蓝旗舰店,2012,海青蓝2012秋季女装新款 气质高贵优雅 民族风针织高端修身连衣裙,http://img02.taobaocdn.com/bao/uploaded/i2/T1QhLQXelkXXXqkhI8_070655.jpg,秋款上新,0.0,0.0,0,0,0,0,0,2012-10-16
17321187388,海青蓝旗舰店,,,,秋款上新,0.0,0.0,0,0,0,0,0,2012-10-19
17321187388,海青蓝旗舰店,2012,海青蓝2012秋季新款女装 丝缎印花 欧美大牌长袖连衣裙大码,http://img04.taobaocdn.com/bao/uploaded/i4/T1F3bQXk8gXXXEPLs__075951.jpg,秋款上新,0.0,0.0,0,0,0,0,0,2012-10-18
17321187388,海青蓝旗舰店,2012,海青蓝2012秋季新款女装 丝缎印花 欧美大牌长袖连衣裙大码,http://img04.taobaocdn.com/bao/uploaded/i4/T1F3bQXk8gXXXEPLs__075951.jpg,秋款上新,0.0,0.0,0,0,0,0,0,2012-10-17
17321187388,海青蓝旗舰店,2012,海青蓝2012秋季新款女装 丝缎印花 欧美大牌长袖连衣裙大码,http://img04.taobaocdn.com/bao/uploaded/i4/T1F3bQXk8gXXXEPLs__075951.jpg,秋款上新,0.0,0.0,0,0,0,0,0,2012-10-16
16034661946,海青蓝旗舰店,,,,秋款上新,0.0,0.0,0,0,0,0,0,2012-10-19
16034661946,海青蓝旗舰店,2012,海青蓝2012秋秋季女装新款 欧美绣花镂空修身圆领长袖连衣裙子,http://img03.taobaocdn.com/bao/uploaded/i3/T1L8fLXfRqXXXIJo.__080803.jpg,秋款上新,0.0,0.0,0,0,0,0,0,2012-10-18
16034661946,海青蓝旗舰店,2012,海青蓝2012秋秋季女装新款 欧美绣花镂空修身圆领长袖连衣裙子,http://img03.taobaocdn.com/bao/uploaded/i3/T1L8fLXfRqXXXIJo.__080803.jpg,秋款上新,0.0,0.0,0,0,0,0,0,2012-10-17
16034661946,海青蓝旗舰店,2012,海青蓝2012秋秋季女装新款 欧美绣花镂空修身圆领长袖连衣裙子,http://img03.taobaocdn.com/bao/uploaded/i3/T1L8fLXfRqXXXIJo.__080803.jpg,秋款上新,0.0,0.0,0,0,0,0,0,2012-10-16
15991081045,海青蓝旗舰店,,,,秋款上新,0.0,0.0,0,0,0,0,0,2012-10-19
15991081045,海青蓝旗舰店,2012,海青蓝2012秋季女装新款 真丝拼丝绒品牌高腰显瘦大码长袖连衣裙,http://img02.taobaocdn.com/bao/uploaded/i2/T16uOZXgJvXXbDCDI6_063148.jpg,秋款上新,0.0,0.0,0,0,0,0,0,2012-10-18
15991081045,海青蓝旗舰店,2012,海青蓝2012秋季女装新款 真丝拼丝绒品牌高腰显瘦大码长袖连衣裙,http://img02.taobaocdn.com/bao/uploaded/i2/T16uOZXgJvXXbDCDI6_063148.jpg,秋款上新,0.0,0.0,0,0,0,0,0,2012-10-17
15991081045,海青蓝旗舰店,2012,海青蓝2012秋季女装新款 真丝拼丝绒品牌高腰显瘦大码长袖连衣裙,http://img02.taobaocdn.com/bao/uploaded/i2/T16uOZXgJvXXbDCDI6_063148.jpg,秋款上新,0.0,0.0,0,0,0,0,0,2012-10-16
15949786962,海青蓝旗舰店,,,,秋款上新,0.0,0.0,0,0,0,0,0,2012-10-19
15949786962,海青蓝旗舰店,2012,海青蓝2012秋季女装新款 圆领长袖丝绒缕空显瘦大码气质连衣裙,http://img04.taobaocdn.com/bao/uploaded/i4/T17vHNXi8jXXctfEkZ_033659.jpg,秋款上新,0.0,0.0,0,0,0,0,0,2012-10-18
15949786962,海青蓝旗舰店,2012,海青蓝2012秋季女装新款 圆领长袖丝绒缕空显瘦大码气质连衣裙,http://img04.taobaocdn.com/bao/uploaded/i4/T17vHNXi8jXXctfEkZ_033659.jpg,秋款上新,0.0,0.0,0,0,0,0,0,2012-10-17
15949786962,海青蓝旗舰店,2012,海青蓝2012秋季女装新款 圆领长袖丝绒缕空显瘦大码气质连衣裙,http://img04.taobaocdn.com/bao/uploaded/i4/T17vHNXi8jXXctfEkZ_033659.jpg,秋款上新,0.0,0.0,0,0,0,0,0,2012-10-16
20036120050,海青蓝旗舰店,,,,秋款上新,0.0,0.0,0,0,0,0,0,2012-10-19
20036120050,海青蓝旗舰店,2012,海青蓝2012冬季女装大牌奢华双面羊绒狐狸毛领 品牌羊绒大衣外套,http://img01.taobaocdn.com/bao/uploaded/i1/T13SnPXlXaXXbvnM77_064644.jpg,秋款上新,0.0,0.0,0,0,0,3,0,2012-10-18
20036120050,海青蓝旗舰店,2012,海青蓝2012冬季女装大牌奢华双面羊绒狐狸毛领 品牌羊绒大衣外套,http://img01.taobaocdn.com/bao/uploaded/i1/T13SnPXlXaXXbvnM77_064644.jpg,秋款上新,0.0,0.0,0,0,0,0,0,2012-10-17
20036120050,海青蓝旗舰店,2012,海青蓝2012冬季女装大牌奢华双面羊绒狐狸毛领 品牌羊绒大衣外套,http://img01.taobaocdn.com/bao/uploaded/i1/T13SnPXlXaXXbvnM77_064644.jpg,秋款上新,0.0,0.0,0,0,0,0,0,2012-10-16
15861230009,海青蓝旗舰店,,,,秋季新品,0.0,0.0,0,0,0,0,0,2012-10-19
15861230009,海青蓝旗舰店,2012,海青蓝2012秋季女装新款 进口单 牛仔拼接 羊毛混纺连衣裙大牌,http://img02.taobaocdn.com/bao/uploaded/i2/T1_1jLXd0eXXXpvHZU_013745.jpg,秋季新品,0.0,0.0,0,0,0,0,0,2012-10-18
15861230009,海青蓝旗舰店,2012,海青蓝2012秋季女装新款 进口单 牛仔拼接 羊毛混纺连衣裙大牌,http://img02.taobaocdn.com/bao/uploaded/i2/T1_1jLXd0eXXXpvHZU_013745.jpg,秋季新品,0.0,0.0,0,0,0,3,0,2012-10-17
15861230009,海青蓝旗舰店,2012,海青蓝2012秋季女装新款 进口单 牛仔拼接 羊毛混纺连衣裙大牌,http://img02.taobaocdn.com/bao/uploaded/i2/T1_1jLXd0eXXXpvHZU_013745.jpg,秋季新品,0.0,0.0,0,0,0,0,0,2012-10-16
1878111205,海青蓝旗舰店,2012,海青蓝2012秋装新品女装兔毛领豹纹印花欧美宽松长袖大码连衣裙子,http://img01.taobaocdn.com/bao/uploaded/i1/T1bwTHXnJbXXcMGbc0_034341.jpg,,0.0,0.0,0,0,0,0,0,2012-10-16
1635374334,海青蓝旗舰店,2012,海青蓝2012秋冬新款女装翻领大牌出口欧美长款风衣外套有加大码,http://img02.taobaocdn.com/bao/uploaded/i2/T1zk_xXiVgXXa2x2w2_044055.jpg,,0.0,0.0,0,0,0,0,0,2012-10-16
1877595665,海青蓝旗舰店,2012,海青蓝2012秋冬女装新款羊毛大摆扎花修身气质大牌显瘦连衣裙,http://img04.taobaocdn.com/bao/uploaded/i4/T1FW2UXclcXXa8hGnb_093048.jpg,,0.0,0.0,0,0,0,0,0,2012-10-16
1862449203,海青蓝旗舰店,2012,海青蓝2012秋冬女装新款 民族风重工凤凰手工刺绣长袖大码连衣裙,http://img04.taobaocdn.com/bao/uploaded/i4/T1pYHTXl0kXXc6jrHb_093226.jpg,,0.0,0.0,0,0,0,0,0,2012-10-16
1544149701,海青蓝旗舰店,2012,海青蓝2012秋冬女装新款 挂脖蕾丝长袖进口丝绒大牌大码连衣裙,http://img01.taobaocdn.com/bao/uploaded/i1/T1WebUXh8aXXbQSDzb_095337.jpg,,0.0,0.0,0,0,0,0,0,2012-10-16
1538476906,海青蓝旗舰店,2012,海青蓝2012秋冬女装新款 羊毛两件套OL职业套装 小外套加连衣裙,http://img02.taobaocdn.com/bao/uploaded/i2/T1xmHDXhRnXXbpzXYc_125640.jpg,,0.0,0.0,0,0,0,0,0,2012-10-16
1544088570,海青蓝旗舰店,2012,海青蓝 2012秋冬新款民族风绣花修身假两件套大码气质羊毛连衣裙,http://img04.taobaocdn.com/bao/uploaded/i4/T1JfbMXoRkXXaVjY7Z_031518.jpg,,0.0,0.0,0,0,0,0,0,2012-10-16
1645161554,海青蓝旗舰店,2012,海青蓝2012秋冬女装新款羊毛混纺长袖显瘦品牌正品毛衣大码连衣裙,http://img04.taobaocdn.com/bao/uploaded/i4/T11PrSXoNkXXctNfI8_100421.jpg,,0.0,0.0,0,0,0,0,0,2012-10-16
1840041267,海青蓝旗舰店,2012,海青蓝2012秋冬女装新款重工欧美毛呢修身长袖大码气质连衣裙,http://img03.taobaocdn.com/bao/uploaded/i3/T1fnPHXXpdXXXmY5E4_053340.jpg,,0.0,0.0,0,0,0,0,0,2012-10-16
1543063444,海青蓝旗舰店,2012,2012夏季新款女装 欧美气质修身短裙包臀显瘦蕾丝连衣裙特价包邮,http://img02.taobaocdn.com/bao/uploaded/i2/T1BgnrXhhaXXczZg76_062019.jpg,,0.0,0.0,0,0,0,0,0,2012-10-16
1544166162,海青蓝旗舰店,2012,海青蓝2012秋冬女装新款兔毛领拼皮蕾丝无袖背心裙修身连衣裙,http://img03.taobaocdn.com/bao/uploaded/i3/T1BbnIXaBrXXcFYSZU_015750.jpg,,0.0,0.0,0,0,0,0,0,2012-10-16
19773232212,海青蓝旗舰店,,,,秋季新品,0.0,0.0,0,0,0,0,0,2012-10-19
19773232212,海青蓝旗舰店,2012,海青蓝2012秋季女装新款大牌欧美拼PU皮 长袖顶住修身显瘦连衣裙,http://img03.taobaocdn.com/bao/uploaded/i3/T1mNPFXiprXXaoL_gV_021729.jpg,秋季新品,0.0,0.0,0,0,0,0,0,2012-10-18
19773232212,海青蓝旗舰店,2012,海青蓝2012秋季女装新款大牌欧美拼PU皮 长袖顶住修身显瘦连衣裙,http://img03.taobaocdn.com/bao/uploaded/i3/T1mNPFXiprXXaoL_gV_021729.jpg,秋季新品,0.0,0.0,0,0,0,0,0,2012-10-17
19773232212,海青蓝旗舰店,2012,海青蓝2012秋季女装新款大牌欧美拼PU皮 长袖顶住修身显瘦连衣裙,http://img03.taobaocdn.com/bao/uploaded/i3/T1mNPFXiprXXaoL_gV_021729.jpg,秋季新品,0.0,0.0,0,0,0,0,0,2012-10-16
19773348030,海青蓝旗舰店,,,,秋季新品,0.0,0.0,0,0,0,3,0,2012-10-19
19773348030,海青蓝旗舰店,2012,海青蓝2012秋季女装新款OL通勤百搭纯色羊毛无袖背心裙大牌连衣裙,http://img04.taobaocdn.com/bao/uploaded/i4/T1K3LLXlXeXXXX2qZW_022512.jpg,秋季新品,0.0,0.0,1,0,-1,6,0,2012-10-18
19773348030,海青蓝旗舰店,2012,海青蓝2012秋季女装新款OL通勤百搭纯色羊毛无袖背心裙大牌连衣裙,http://img04.taobaocdn.com/bao/uploaded/i4/T1K3LLXlXeXXXX2qZW_022512.jpg,秋季新品,0.0,0.0,0,0,0,0,0,2012-10-17
19773348030,海青蓝旗舰店,2012,海青蓝2012秋季女装新款OL通勤百搭纯色羊毛无袖背心裙大牌连衣裙,http://img04.taobaocdn.com/bao/uploaded/i4/T1K3LLXlXeXXXX2qZW_022512.jpg,秋季新品,0.0,0.0,0,0,0,0,0,2012-10-16
19772924932,海青蓝旗舰店,,,,秋季新品,0.0,0.0,0,0,0,0,0,2012-10-19
19772924932,海青蓝旗舰店,2012,海青蓝 女装吊染渐变羊毛混纺大摆长袖修身连衣裙中长裙 2012新款,http://img03.taobaocdn.com/bao/uploaded/i3/T1nHDGXeFiXXa4kNUV_021041.jpg,秋季新品,0.0,0.0,0,0,0,3,0,2012-10-18
19772924932,海青蓝旗舰店,2012,海青蓝 女装吊染渐变羊毛混纺大摆长袖修身连衣裙中长裙 2012新款,http://img03.taobaocdn.com/bao/uploaded/i3/T1nHDGXeFiXXa4kNUV_021041.jpg,秋季新品,0.0,0.0,1,1,-1,0,0,2012-10-17
19772924932,海青蓝旗舰店,2012,海青蓝 女装吊染渐变羊毛混纺大摆长袖修身连衣裙中长裙 2012新款,http://img03.taobaocdn.com/bao/uploaded/i3/T1nHDGXeFiXXa4kNUV_021041.jpg,秋季新品,0.0,0.0,0,0,0,0,0,2012-10-16
19773212652,海青蓝旗舰店,,,,秋季新品,0.0,0.0,0,0,0,0,0,2012-10-19
19773212652,海青蓝旗舰店,2012,海青蓝秋冬女装2012 流行元素 黑色无袖背心裙 百搭修身连衣裙,http://img02.taobaocdn.com/bao/uploaded/i2/T1qx6LXhFdXXbS1.7V_022254.jpg,秋季新品,0.0,0.0,0,0,0,0,0,2012-10-18
19773212652,海青蓝旗舰店,2012,海青蓝秋冬女装2012 流行元素 黑色无袖背心裙 百搭修身连衣裙,http://img02.taobaocdn.com/bao/uploaded/i2/T1qx6LXhFdXXbS1.7V_022254.jpg,秋季新品,0.0,0.0,0,0,0,0,0,2012-10-17
19773212652,海青蓝旗舰店,2012,海青蓝秋冬女装2012 流行元素 黑色无袖背心裙 百搭修身连衣裙,http://img02.taobaocdn.com/bao/uploaded/i2/T1qx6LXhFdXXbS1.7V_022254.jpg,秋季新品,0.0,0.0,0,0,0,0,0,2012-10-16
19772416519,海青蓝旗舰店,,,,秋季新品,0.0,0.0,0,0,0,0,0,2012-10-19
19772416519,海青蓝旗舰店,2012,海青蓝2012秋季大牌女装 欧美T台风 超模演绎 修身气质长款连衣裙,http://img01.taobaocdn.com/bao/uploaded/i1/T1Q9jGXlhoXXXaGWwU_013557.jpg,秋季新品,0.0,0.0,0,0,0,0,0,2012-10-18
19772416519,海青蓝旗舰店,2012,海青蓝2012秋季大牌女装 欧美T台风 超模演绎 修身气质长款连衣裙,http://img01.taobaocdn.com/bao/uploaded/i1/T1Q9jGXlhoXXXaGWwU_013557.jpg,秋季新品,0.0,0.0,0,0,0,0,0,2012-10-17
19772416519,海青蓝旗舰店,2012,海青蓝2012秋季大牌女装 欧美T台风 超模演绎 修身气质长款连衣裙,http://img01.taobaocdn.com/bao/uploaded/i1/T1Q9jGXlhoXXXaGWwU_013557.jpg,秋季新品,0.0,0.0,0,0,0,0,0,2012-10-16
17094131890,海青蓝旗舰店,,,,秋季新品,0.0,0.0,0,0,0,0,0,2012-10-19
17094131890,海青蓝旗舰店,2012,海青蓝2012秋季女装新款 丝绒蕾丝袖长袖 修身斜领气质大码连衣裙,http://img01.taobaocdn.com/bao/uploaded/i1/T1mb_KXf0mXXcO60ZU_014316.jpg,秋季新品,0.0,0.0,0,0,0,0,0,2012-10-18
17094131890,海青蓝旗舰店,2012,海青蓝2012秋季女装新款 丝绒蕾丝袖长袖 修身斜领气质大码连衣裙,http://img01.taobaocdn.com/bao/uploaded/i1/T1mb_KXf0mXXcO60ZU_014316.jpg,秋季新品,0.0,0.0,0,0,0,0,0,2012-10-17
17094131890,海青蓝旗舰店,2012,海青蓝2012秋季女装新款 丝绒蕾丝袖长袖 修身斜领气质大码连衣裙,http://img01.taobaocdn.com/bao/uploaded/i1/T1mb_KXf0mXXcO60ZU_014316.jpg,秋季新品,0.0,0.0,0,0,0,0,0,2012-10-16
17093687763,海青蓝旗舰店,,,,秋季新品,0.0,0.0,0,0,0,0,0,2012-10-19
17093687763,海青蓝旗舰店,2012,海青蓝2012秋季女装新款 优雅名媛风 重工刺绣蕾丝长袖大码连衣裙,http://img02.taobaocdn.com/bao/uploaded/i2/T1_5vOXjhpXXcIEn7U_015906.jpg,秋季新品,0.0,0.0,0,0,0,0,0,2012-10-18
17093687763,海青蓝旗舰店,2012,海青蓝2012秋季女装新款 优雅名媛风 重工刺绣蕾丝长袖大码连衣裙,http://img02.taobaocdn.com/bao/uploaded/i2/T1_5vOXjhpXXcIEn7U_015906.jpg,秋季新品,0.0,0.0,0,0,0,0,0,2012-10-17
17093687763,海青蓝旗舰店,2012,海青蓝2012秋季女装新款 优雅名媛风 重工刺绣蕾丝长袖大码连衣裙,http://img02.taobaocdn.com/bao/uploaded/i2/T1_5vOXjhpXXcIEn7U_015906.jpg,秋季新品,0.0,0.0,0,0,0,0,0,2012-10-16
15844782890,海青蓝旗舰店,,,,天猫上新,0.0,0.0,0,0,0,0,0,2012-10-19
15844782890,海青蓝旗舰店,2012,海青蓝2012秋季女装新款 欧美通勤大牌长袖丝绒绣花大码连衣裙子,http://img01.taobaocdn.com/bao/uploaded/i1/T1T0zQXllkXXXZiAMU_015458.jpg,天猫上新,0.0,0.0,0,0,0,0,0,2012-10-18
15844782890,海青蓝旗舰店,2012,海青蓝2012秋季女装新款 欧美通勤大牌长袖丝绒绣花大码连衣裙子,http://img01.taobaocdn.com/bao/uploaded/i1/T1T0zQXllkXXXZiAMU_015458.jpg,天猫上新,0.0,0.0,0,0,0,3,0,2012-10-17
15844782890,海青蓝旗舰店,2012,海青蓝2012秋季女装新款 欧美通勤大牌长袖丝绒绣花大码连衣裙子,http://img01.taobaocdn.com/bao/uploaded/i1/T1T0zQXllkXXXZiAMU_015458.jpg,天猫上新,0.0,0.0,0,0,0,0,0,2012-10-16
17072483603,海青蓝旗舰店,,,,天猫上新,0.0,0.0,0,0,0,-2,0,2012-10-19
17072483603,海青蓝旗舰店,2012,海青蓝2012秋季女装新款 复古丽人欧美绣花高腰显瘦大码连衣裙子,http://img04.taobaocdn.com/bao/uploaded/i4/T12ojGXltoXXbtsmU3_050940.jpg,天猫上新,0.0,0.0,0,0,0,3,0,2012-10-18
17072483603,海青蓝旗舰店,2012,海青蓝2012秋季女装新款 复古丽人欧美绣花高腰显瘦大码连衣裙子,http://img04.taobaocdn.com/bao/uploaded/i4/T12ojGXltoXXbtsmU3_050940.jpg,天猫上新,0.0,0.0,0,0,0,0,0,2012-10-17
17072483603,海青蓝旗舰店,2012,海青蓝2012秋季女装新款 复古丽人欧美绣花高腰显瘦大码连衣裙子,http://img04.taobaocdn.com/bao/uploaded/i4/T12ojGXltoXXbtsmU3_050940.jpg,天猫上新,0.0,0.0,0,0,0,0,0,2012-10-16
19737964565,海青蓝旗舰店,,,,天猫上新,0.0,0.0,0,0,0,0,0,2012-10-19
19737964565,海青蓝旗舰店,2012,海青蓝 古典丽人 2012秋季新款女装 大码修身显瘦针织长袖连衣裙,http://img01.taobaocdn.com/bao/uploaded/i1/T15WvKXhBlXXXt0MI3_050151.jpg,天猫上新,0.0,0.0,0,0,0,1,0,2012-10-18
19737964565,海青蓝旗舰店,2012,海青蓝 古典丽人 2012秋季新款女装 大码修身显瘦针织长袖连衣裙,http://img01.taobaocdn.com/bao/uploaded/i1/T15WvKXhBlXXXt0MI3_050151.jpg,天猫上新,0.0,0.0,0,0,0,0,0,2012-10-17
19737964565,海青蓝旗舰店,2012,海青蓝 古典丽人 2012秋季新款女装 大码修身显瘦针织长袖连衣裙,http://img01.taobaocdn.com/bao/uploaded/i1/T15WvKXhBlXXXt0MI3_050151.jpg,天猫上新,0.0,0.0,0,0,0,0,0,2012-10-16
17072499412,海青蓝旗舰店,,,,天猫上新,0.0,0.0,0,0,0,0,0,2012-10-19
17072499412,海青蓝旗舰店,2012,海青蓝2012秋季女装新款 长袖欧美大牌绣花 高腰显瘦大码连衣裙子,http://img01.taobaocdn.com/bao/uploaded/i1/T1SXjGXjVoXXciO8U3_050819.jpg,天猫上新,0.0,0.0,0,0,0,0,0,2012-10-18
17072499412,海青蓝旗舰店,2012,海青蓝2012秋季女装新款 长袖欧美大牌绣花 高腰显瘦大码连衣裙子,http://img01.taobaocdn.com/bao/uploaded/i1/T1SXjGXjVoXXciO8U3_050819.jpg,天猫上新,0.0,0.0,0,0,0,0,0,2012-10-17
17072499412,海青蓝旗舰店,2012,海青蓝2012秋季女装新款 长袖欧美大牌绣花 高腰显瘦大码连衣裙子,http://img01.taobaocdn.com/bao/uploaded/i1/T1SXjGXjVoXXciO8U3_050819.jpg,天猫上新,0.0,0.0,0,0,0,0,0,2012-10-16
19384748744,海青蓝旗舰店,,,,秋款上新,0.0,0.0,0,0,0,0,0,2012-10-19
19384748744,海青蓝旗舰店,2012,海青蓝2012秋季新品 欧美大牌 两件套重工蕾丝缕空花苞裙 连衣裙,http://img04.taobaocdn.com/bao/uploaded/i4/T1rorzXjxmXXau6Ms4_052754.jpg,秋款上新,0.0,0.0,0,0,0,0,0,2012-10-18
19384748744,海青蓝旗舰店,2012,海青蓝2012秋季新品 欧美大牌 两件套重工蕾丝缕空花苞裙 连衣裙,http://img04.taobaocdn.com/bao/uploaded/i4/T1rorzXjxmXXau6Ms4_052754.jpg,秋款上新,0.0,0.0,0,0,0,0,0,2012-10-17
19384748744,海青蓝旗舰店,2012,海青蓝2012秋季新品 欧美大牌 两件套重工蕾丝缕空花苞裙 连衣裙,http://img04.taobaocdn.com/bao/uploaded/i4/T1rorzXjxmXXau6Ms4_052754.jpg,秋款上新,0.0,0.0,0,0,0,0,0,2012-10-16
19381756437,海青蓝旗舰店,,,,秋款上新,0.0,0.0,0,0,0,0,0,2012-10-19
19381756437,海青蓝旗舰店,2012,海青蓝2012秋冬女装新款 羊毛混纺 钉珠印花长袖 圆领气质连衣裙,http://img01.taobaocdn.com/bao/uploaded/i1/T1c4TIXjxpXXa2kc76_061212.jpg,秋款上新,0.0,0.0,0,0,0,0,0,2012-10-18
19381756437,海青蓝旗舰店,2012,海青蓝2012秋冬女装新款 羊毛混纺 钉珠印花长袖 圆领气质连衣裙,http://img01.taobaocdn.com/bao/uploaded/i1/T1c4TIXjxpXXa2kc76_061212.jpg,秋款上新,0.0,0.0,0,0,0,0,0,2012-10-17
19381756437,海青蓝旗舰店,2012,海青蓝2012秋冬女装新款 羊毛混纺 钉珠印花长袖 圆领气质连衣裙,http://img01.taobaocdn.com/bao/uploaded/i1/T1c4TIXjxpXXa2kc76_061212.jpg,秋款上新,0.0,0.0,0,0,0,0,0,2012-10-16
18855348679,海青蓝旗舰店,,,,秋款上新,0.0,0.0,0,0,0,0,0,2012-10-19
18855348679,海青蓝旗舰店,2012,海青蓝2012秋冬女装新款 欧美品牌修身显瘦V领长袖大码气质连衣裙,http://img01.taobaocdn.com/bao/uploaded/i1/T12_TMXjlfXXcpjpk6_060426.jpg,秋款上新,0.0,0.0,0,0,0,0,0,2012-10-18
18855348679,海青蓝旗舰店,2012,海青蓝2012秋冬女装新款 欧美品牌修身显瘦V领长袖大码气质连衣裙,http://img01.taobaocdn.com/bao/uploaded/i1/T12_TMXjlfXXcpjpk6_060426.jpg,秋款上新,0.0,0.0,1,1,-1,0,0,2012-10-17
18855348679,海青蓝旗舰店,2012,海青蓝2012秋冬女装新款 欧美品牌修身显瘦V领长袖大码气质连衣裙,http://img01.taobaocdn.com/bao/uploaded/i1/T12_TMXjlfXXcpjpk6_060426.jpg,秋款上新,0.0,0.0,0,0,0,0,0,2012-10-16
15675286606,海青蓝旗舰店,,,,秋款上新,0.0,0.0,0,0,0,0,0,2012-10-19
15675286606,海青蓝旗舰店,2012,海青蓝2012秋冬女装新款 针织弹力修身假两件 通勤气质连衣裙 3色,http://img03.taobaocdn.com/bao/uploaded/i3/T1pOPMXeVhXXXkm5M6_061930.jpg,秋款上新,0.0,0.0,0,0,0,0,0,2012-10-18
15675286606,海青蓝旗舰店,2012,海青蓝2012秋冬女装新款 针织弹力修身假两件 通勤气质连衣裙 3色,http://img03.taobaocdn.com/bao/uploaded/i3/T1pOPMXeVhXXXkm5M6_061930.jpg,秋款上新,0.0,0.0,0,0,0,0,0,2012-10-17
15675286606,海青蓝旗舰店,2012,海青蓝2012秋冬女装新款 针织弹力修身假两件 通勤气质连衣裙 3色,http://img03.taobaocdn.com/bao/uploaded/i3/T1pOPMXeVhXXXkm5M6_061930.jpg,秋款上新,0.0,0.0,0,0,0,0,0,2012-10-16
19150560744,海青蓝旗舰店,,,,秋款上新,0.0,0.0,0,0,0,0,0,2012-10-19
19150560744,海青蓝旗舰店,2012,海青蓝秋冬连衣裙2012新款长袖圆领宽松腰刺绣民族风大码裙子,http://img02.taobaocdn.com/bao/uploaded/i2/T1qWPNXiBdXXcTZY.6_060802.jpg,秋款上新,0.0,0.0,0,0,0,1,0,2012-10-18
19150560744,海青蓝旗舰店,2012,海青蓝秋冬连衣裙2012新款长袖圆领宽松腰刺绣民族风大码裙子,http://img02.taobaocdn.com/bao/uploaded/i2/T1qWPNXiBdXXcTZY.6_060802.jpg,秋款上新,0.0,0.0,0,0,0,0,0,2012-10-17
19150560744,海青蓝旗舰店,2012,海青蓝秋冬连衣裙2012新款长袖圆领宽松腰刺绣民族风大码裙子,http://img02.taobaocdn.com/bao/uploaded/i2/T1qWPNXiBdXXcTZY.6_060802.jpg,秋款上新,0.0,0.0,0,0,0,0,0,2012-10-16
15567870084,海青蓝旗舰店,,,,秋款上新,0.0,0.0,0,0,0,0,0,2012-10-19
15567870084,海青蓝旗舰店,2012,海青蓝2012秋冬女装新款 正品民族风刺绣 大牌长袖气质女人连衣裙,http://img02.taobaocdn.com/bao/uploaded/i2/T1r7fNXjdbXXbJ2pU7_063436.jpg,秋款上新,0.0,0.0,0,0,0,0,0,2012-10-18
15567870084,海青蓝旗舰店,2012,海青蓝2012秋冬女装新款 正品民族风刺绣 大牌长袖气质女人连衣裙,http://img02.taobaocdn.com/bao/uploaded/i2/T1r7fNXjdbXXbJ2pU7_063436.jpg,秋款上新,0.0,0.0,0,0,0,0,0,2012-10-17
15567870084,海青蓝旗舰店,2012,海青蓝2012秋冬女装新款 正品民族风刺绣 大牌长袖气质女人连衣裙,http://img02.taobaocdn.com/bao/uploaded/i2/T1r7fNXjdbXXbJ2pU7_063436.jpg,秋款上新,0.0,0.0,0,0,0,0,0,2012-10-16
19160356715,海青蓝旗舰店,,,,秋款上新,0.0,0.0,0,0,0,0,0,2012-10-19
19160356715,海青蓝旗舰店,2012,海青蓝2012秋冬女装新款 长袖欧美大牌个性 假两件 气质连衣裙,http://img01.taobaocdn.com/bao/uploaded/i1/T1ta_IXllpXXahCcw6_060833.jpg,秋款上新,0.0,0.0,0,0,0,0,0,2012-10-18
19160356715,海青蓝旗舰店,2012,海青蓝2012秋冬女装新款 长袖欧美大牌个性 假两件 气质连衣裙,http://img01.taobaocdn.com/bao/uploaded/i1/T1ta_IXllpXXahCcw6_060833.jpg,秋款上新,0.0,0.0,0,0,0,3,0,2012-10-17
19160356715,海青蓝旗舰店,2012,海青蓝2012秋冬女装新款 长袖欧美大牌个性 假两件 气质连衣裙,http://img01.taobaocdn.com/bao/uploaded/i1/T1ta_IXllpXXahCcw6_060833.jpg,秋款上新,0.0,0.0,0,0,0,0,0,2012-10-16
19148544817,海青蓝旗舰店,,,,秋款上新,0.0,0.0,0,0,0,0,0,2012-10-19
19148544817,海青蓝旗舰店,2012,海青蓝2012秋冬女装新款 毛呢绣花纯色重工钉珠 长袖修身连衣裙,http://img03.taobaocdn.com/bao/uploaded/i3/T1v02MXk0lXXaM9r37_064016.jpg,秋款上新,0.0,0.0,0,0,-1,0,0,2012-10-18
19148544817,海青蓝旗舰店,2012,海青蓝2012秋冬女装新款 毛呢绣花纯色重工钉珠 长袖修身连衣裙,http://img03.taobaocdn.com/bao/uploaded/i3/T1v02MXk0lXXaM9r37_064016.jpg,秋款上新,0.0,0.0,0,0,0,0,0,2012-10-17
19148544817,海青蓝旗舰店,2012,海青蓝2012秋冬女装新款 毛呢绣花纯色重工钉珠 长袖修身连衣裙,http://img03.taobaocdn.com/bao/uploaded/i3/T1v02MXk0lXXaM9r37_064016.jpg,秋款上新,0.0,0.0,0,0,0,0,0,2012-10-16
18855844610,海青蓝旗舰店,,,,秋款上新,0.0,0.0,0,0,0,3,0,2012-10-19
18855844610,海青蓝旗舰店,2012,海青蓝2012秋冬女装新款 长袖圆领修身显瘦正品优雅女人连衣裙,http://img04.taobaocdn.com/bao/uploaded/i4/T1YgfRXX4bXXa_9PEU_015334.jpg,秋款上新,0.0,0.0,0,0,0,0,0,2012-10-18
18855844610,海青蓝旗舰店,2012,海青蓝2012秋冬女装新款 长袖圆领修身显瘦正品优雅女人连衣裙,http://img04.taobaocdn.com/bao/uploaded/i4/T1YgfRXX4bXXa_9PEU_015334.jpg,秋款上新,0.0,0.0,0,0,0,0,0,2012-10-17
18855844610,海青蓝旗舰店,2012,海青蓝2012秋冬女装新款 长袖圆领修身显瘦正品优雅女人连衣裙,http://img04.taobaocdn.com/bao/uploaded/i4/T1YgfRXX4bXXa_9PEU_015334.jpg,秋款上新,0.0,0.0,0,0,0,0,0,2012-10-16
15432030248,海青蓝旗舰店,,,,秋款上新,0.0,0.0,0,0,0,-1,0,2012-10-19
15432030248,海青蓝旗舰店,2012,海青蓝2012秋冬女装新款 复古文艺范 纯色长袖修身显瘦 连衣裙,http://img04.taobaocdn.com/bao/uploaded/i4/T1KuvMXaVkXXa4tpI6_060459.jpg,秋款上新,0.0,0.0,0,0,0,0,0,2012-10-18
15432030248,海青蓝旗舰店,2012,海青蓝2012秋冬女装新款 复古文艺范 纯色长袖修身显瘦 连衣裙,http://img04.taobaocdn.com/bao/uploaded/i4/T1KuvMXaVkXXa4tpI6_060459.jpg,秋款上新,0.0,0.0,0,0,0,0,0,2012-10-17
15432030248,海青蓝旗舰店,2012,海青蓝2012秋冬女装新款 复古文艺范 纯色长袖修身显瘦 连衣裙,http://img04.taobaocdn.com/bao/uploaded/i4/T1KuvMXaVkXXa4tpI6_060459.jpg,秋款上新,0.0,0.0,0,0,0,0,0,2012-10-16
15430634449,海青蓝旗舰店,,,,秋季新品,0.0,0.0,0,0,0,0,0,2012-10-19
15430634449,海青蓝旗舰店,2012,2012夏季新款女装 欧美气质修身短裙包臀显瘦蕾丝连衣裙特价包邮,http://img02.taobaocdn.com/bao/uploaded/i2/T1BgnrXhhaXXczZg76_062019.jpg,秋季新品,0.0,0.0,0,0,0,0,0,2012-10-18
15430634449,海青蓝旗舰店,2012,2012夏季新款女装 欧美气质修身短裙包臀显瘦蕾丝连衣裙特价包邮,http://img02.taobaocdn.com/bao/uploaded/i2/T1BgnrXhhaXXczZg76_062019.jpg,秋季新品,0.0,0.0,0,0,0,0,0,2012-10-17
15430634449,海青蓝旗舰店,2012,2012夏季新款女装 欧美气质修身短裙包臀显瘦蕾丝连衣裙特价包邮,http://img02.taobaocdn.com/bao/uploaded/i2/T1BgnrXhhaXXczZg76_062019.jpg,秋季新品,0.0,0.0,0,0,0,0,0,2012-10-16
18855212072,海青蓝旗舰店,,,,秋款上新,0.0,0.0,0,0,0,0,0,2012-10-19
18855212072,海青蓝旗舰店,2012,海青蓝2012秋冬女装新款 欧美流行印花 V领长袖修身品牌连衣裙,http://img04.taobaocdn.com/bao/uploaded/i4/T16vbMXg4kXXc6rEo5_060314.jpg,秋款上新,0.0,0.0,0,0,0,0,0,2012-10-18
18855212072,海青蓝旗舰店,2012,海青蓝2012秋冬女装新款 欧美流行印花 V领长袖修身品牌连衣裙,http://img04.taobaocdn.com/bao/uploaded/i4/T16vbMXg4kXXc6rEo5_060314.jpg,秋款上新,0.0,0.0,0,0,0,0,0,2012-10-17
18855212072,海青蓝旗舰店,2012,海青蓝2012秋冬女装新款 欧美流行印花 V领长袖修身品牌连衣裙,http://img04.taobaocdn.com/bao/uploaded/i4/T16vbMXg4kXXc6rEo5_060314.jpg,秋款上新,0.0,0.0,0,0,0,0,0,2012-10-16
